m0,m1,m2,m3,m4,m5,m6,m7,m8,m9,m10,m11,m12,m13,m14,m15,samplen,typexpr,express,subject
6176.485031510275,6134.962685572633,-7982.247973971533,-6236.6721555657505,-9401.26972526618,-3427.79281960959,-11227.10695758953,7307.218931839939,3455.2833778835866,1662.8093368217194,5116.624044351692,1929.7769082408129,4630.734502154802,-2101.815878043211,-3350.587958505769,-861.8730505622613,0,N,N,0
6242.056868064135,6217.2037969890025,-8160.826958330172,-6217.579557572313,-9568.845704732288,-3436.9331605766497,-11226.334266075497,7299.936887749335,3358.31151486808,1737.4761823115327,5376.343149289901,1703.1162702502816,4452.372694572976,-1939.9875654874022,-2912.1372691848737,-1009.1936786393568,1,N,N,0
6356.3301172041165,6054.726532523722,-8978.511375815073,-6764.372822505528,-9659.725428108002,-3425.1246167514932,-11317.58823597953,8551.259963016006,4178.627967831833,1930.287990947051,5049.416114142947,2535.1428546630887,4352.565118670901,-2555.088749817852,-5433.5110477703965,-953.3741401750576,0,N,N,1
4270.127123155552,4455.871420621521,-4896.151612964178,-3915.2181087469307,-6917.527009296351,-2528.212894948805,-10435.454111036663,4333.987690890451,1100.5072676421385,321.26239061249913,3472.763083163079,785.3004033190686,5085.567950186469,-670.6809489398391,-448.799679318381,597.4590492679486,0,N,N,2
7043.879471361104,6678.374775186132,-10983.055614871117,-7417.277523911213,-11717.42527019546,-4087.7061246939006,-14091.176755885283,9705.949827358229,3884.7471864444738,2833.5459651501383,6382.602796098208,2378.66179652115,9311.478010329565,-2677.7258601734343,-4964.298777913725,-1132.8355863518157,0,N,N,3
5160.121564925431,5214.464634435825,-7156.315703734719,-4813.30709711549,-8624.730500627116,-2923.3315210605,-10572.699697648792,5247.856311465657,2104.4745203671196,1512.3388477300653,4046.417818822975,1342.0493981389109,5987.933576508139,-952.6639185877592,-1505.8651448973374,-201.973419880914,0,N,N,4
6385.932936619209,6561.825617693544,-6414.766285138181,-6554.223038863401,-9285.294423039782,-3618.3498187666814,-12477.24856095508,6427.859103301955,3778.78139851714,1206.5980514399103,4779.2842760397525,2074.616937123311,5848.415117647034,-1702.4884530966756,-2789.7278338617502,-790.1445875678133,0,N,N,5
6472.831535547383,6797.924311642788,-5899.6466900375335,-6508.546022292837,-9229.859430076933,-3650.9061055430952,-12362.663051829097,5939.653165022483,3824.30623079289,1156.9130107542644,4861.438209737511,2004.6657107741883,6475.660674555936,-1764.7651371927527,-1876.2877529347543,-905.2583879168247,1,N,N,5
7392.747106618539,7631.192411700941,-9008.55812250422,-6911.40772781191,-11419.913903051174,-4230.366486931779,-12206.970704603582,6434.122627899508,3366.3606786999935,2574.9436642847277,5174.244043989021,2097.5672429196966,5876.900474054358,-1533.5855576696406,-1642.0129050237572,-367.44513464363337,0,N,N,6
6960.8005910671345,7145.848747842607,-7743.781514656352,-6870.79325480627,-10471.724662310718,-3748.8068540689387,-12692.210593387412,6624.545974360935,4005.2020132108346,1909.0073819278323,4877.84942538883,1945.750983555018,5758.8748123415535,-1320.8814189979194,-2755.369072682086,-1317.0913035936424,0,N,N,7
5658.913156575431,5686.537548160414,-6889.800006093822,-5783.0741940411845,-8695.141053632113,-3319.53435922676,-11234.791082378999,6594.263016181192,2957.647892184743,1383.7967703419172,5034.649890732942,1619.1237592280406,5258.627295265813,-1430.2940961559382,-2633.475048291678,-754.0871300879475,0,N,N,8
4643.5046196491385,4769.434765777437,-7278.874067402088,-3815.472341202336,-8743.949361528094,-2322.131804256243,-10578.306781408879,4011.932093434287,1573.0529264114039,2014.6037875489662,3561.2089039259386,920.8761546924422,9563.07779133675,-689.3810455524242,235.88090060366966,-332.80017417012465,0,N,N,9
5564.0568104926615,5962.327152306801,-7078.270555739717,-4463.351510263204,-9543.694396351939,-3092.6827996378574,-11010.285499976468,3424.0365730862036,1384.4048700051894,1549.393807493039,4172.835224601284,828.4098865196981,6091.52539812489,182.52245661116817,2135.818601855548,228.95160835175278,0,N,N,10
6569.597740947256,6880.307133563989,-9327.301638906149,-5387.477627001801,-11595.99563217433,-3668.240472628796,-12535.362971180657,4531.45238397624,1822.6263744619814,2555.2521648126267,5013.249273166779,1178.6091260904993,8197.526178142358,-24.929007052517072,1804.9924598990456,-10.247224163827715,1,N,N,10
5576.470896053829,5658.97294968387,-7315.534274413576,-5267.249611050915,-8646.668734252842,-3076.251659510982,-9175.204114962293,5688.335266230903,2612.7297898286924,1714.2330237173626,4833.856195367761,1150.955958216762,4028.844527690197,-1894.796469565616,-932.0709302693747,-889.8348005913259,0,N,N,11
6129.375168355074,6013.221073712832,-9056.835107386943,-5857.285656403223,-9558.651862749479,-3162.6991877562,-10471.30929653119,8002.314154142122,2836.790159357135,2036.3742883354248,5300.639833464694,1221.1433552562626,4521.396664113212,-2825.8469281947605,-3432.7963651951463,-610.3303784161277,0,N,N,12
6673.048453956988,6598.408926277685,-9044.692582762353,-6539.148184516704,-10079.629485274005,-3443.4013230901073,-11490.953053428148,8457.308996841513,3355.789015649601,1994.4450499889472,5449.588561054671,1343.2719431461235,4456.204376103197,-2811.3633581153376,-4030.872011624428,-807.4171568667311,1,N,N,12
6333.730115285067,6212.84698956059,-9098.630256560817,-6156.7124184085205,-9739.448064736484,-3251.305594240151,-10864.318029706606,8281.845275753778,3138.540095555943,1923.2096113892103,5415.060389712148,1279.8112248609802,4278.321369994469,-2924.3743298269073,-3781.7205556676727,-837.4526521642778,2,N,N,12
6837.932975000192,6844.841881309182,-8870.24278864343,-6719.336436077098,-10096.159658775505,-3926.2394047226703,-9841.195391355868,7086.339272742992,3497.670981481502,2005.744273494575,5150.585910649191,2009.1167637565786,2642.0791270530485,-2917.3203332286967,-2383.017333955265,-754.5397719495953,0,N,N,13
7455.772464082929,7281.169937541269,-10670.470753907994,-7483.4157934319555,-11584.244470737598,-4567.257731305222,-12110.487000346837,8633.900686429417,3380.9388857881754,2603.8596972621713,5939.544698951858,2550.898522866789,6333.060867267449,-3873.730374306182,-3168.741662947164,-110.58869075587812,0,N,N,14
7651.851353972144,7383.283730511467,-10377.984498825623,-8008.696796381768,-11370.085317756051,-3856.2313094600354,-12042.825442719259,9612.337286768014,5155.075666939786,2783.241284680457,5886.814207420959,2134.3864684974105,4751.7565039668725,-3087.0199870718425,-5979.166009504116,-2186.474499214212,0,N,N,15
5533.817371305201,5737.014411153729,-7249.066019307964,-4848.172287618721,-9053.563881731327,-2878.9231410069324,-10884.214333479234,5013.261379233363,2346.2278930957546,1390.7298312577964,3717.3442467634895,1618.0473878582786,5764.130175714536,-1700.861737380514,-1334.0059029919105,120.90361025369639,0,N,N,16
5213.597625804307,5552.168880837764,-5722.531206088844,-4655.480875683117,-8390.700945896855,-3128.1690454996137,-10628.194328520736,3774.994981705025,1609.0522164669176,1360.1198184498571,3384.566560437822,1301.3756690939897,7839.480516101597,-1253.7952135472847,412.6686637219642,634.739949279333,0,N,N,17
6739.256910283217,6645.278652649956,-8955.817842570726,-6851.380340748135,-10061.344808194377,-4047.519786441066,-10613.364766356108,7647.526551582678,3409.0890554363527,2003.264343043354,5268.799335678699,2224.8034945773466,3528.8298202506207,-2548.310906445471,-3398.7126366502034,-367.03829659699977,0,N,N,18
5494.028635532228,5551.7391374468825,-8386.922816790327,-4761.832261270163,-9723.235238207866,-2895.1014714328153,-10549.689214127375,4843.347624164787,1933.4615372072521,2494.457127938947,3865.0424447493147,1100.8378238946054,8146.784242300344,-1210.3997442028945,-380.86474452757517,-452.6751304192543,0,N,N,19
7329.0851293817805,7321.857245665158,-9587.831667698629,-7288.548327348702,-10989.6625845103,-4293.306232132475,-11379.785692133511,8190.118148740698,3657.5471987105425,2264.3086753301777,6492.42684784637,1951.4704003218899,2562.21906095218,-1964.7940060536396,-2686.7097768644844,-1049.7532695200084,0,N,N,20
5691.062455079994,5800.267184228493,-7754.130208937889,-5127.297635625484,-9340.522272923556,-2822.362818829429,-9688.424748339083,5031.580818923298,2613.1472623230184,2496.6918127423933,3624.744742878935,930.3677819954223,5924.291714267294,-1023.9174518343831,-1634.9267636297836,-1066.4921575753706,0,N,N,21
4926.800418352713,5098.515134219642,-5367.89946227463,-4785.465364731183,-7354.981108416548,-2665.8149978160923,-9191.38141399396,4820.80777335942,2569.411521292023,1141.026973411113,3808.4543553394756,1065.9295878985868,3738.7613111683004,-736.7626649244122,-1602.4792183411228,-821.1360417896133,0,N,N,22
5993.456846954595,6036.225538216118,-7241.062102745721,-5922.607162396107,-8866.876037669761,-3548.7698805795826,-10221.164713718843,6272.500500670631,2709.358801263349,1668.3071175448197,4258.941935636878,1818.1646052695687,3588.1019311697387,-1488.68669103747,-2847.418960298944,50.17604805749063,0,N,N,23
6269.431518275941,6982.593695651372,-5869.549458964899,-5128.527537562317,-9774.831796062846,-3934.6037679427286,-12895.17377401898,3656.7743669725746,883.2523618681388,1160.243792358711,4197.237327825597,972.4061255905418,7974.035276781601,-364.03269572074834,2157.6227647419237,1687.1869323129254,0,N,N,24
5425.592010002712,5735.383275866227,-4064.7539029936033,-5620.492421417424,-7130.921581821413,-3315.7701731157003,-9911.513008062917,4844.256296308659,2986.9216111392,676.1021036563459,3574.0064381227876,1951.6686212542104,3454.5463437674202,-869.5132417162453,-2218.334405341885,124.65548724956092,0,N,N,25
6248.741375673995,6603.348540204941,-4883.225901664619,-6422.629848054502,-8314.610862056874,-3887.552351201917,-10987.83043684623,5381.191575498087,3265.7276740106945,1091.6521151321706,4139.032511186665,2150.6794426105384,4783.949193240493,-1261.21470507768,-2027.1934117254243,108.33217368903941,1,N,N,25
5703.158230754978,5481.788297518539,-7027.306747745913,-6371.914270235742,-7879.81624673729,-3104.720398109095,-9198.802650525182,7872.753516780244,4181.572868757136,1399.8155950936712,4657.843981314799,1861.6407237489823,2501.8495324138953,-2940.374713187214,-5078.402657282428,-1826.5077646560617,0,N,N,26
5559.918781972272,5735.159132062136,-5106.767709247554,-5877.071030992306,-7526.382632575519,-3360.3850778394576,-9286.507458251306,5517.277903666751,3356.654659623784,1044.492258723069,4460.6014044143285,1693.1902556717985,2636.5292383908977,-1161.1247783026029,-2133.2756353537493,-1044.7984670557435,0,N,N,27
5976.586422986854,5698.3025511450305,-8757.228264757983,-6220.500641540706,-9139.996319934906,-3400.2109941312874,-9907.360095363172,7853.162301294473,3194.1962279994414,2050.778006940578,4653.814463351482,1837.7900317219728,4376.584583416425,-3052.437126245858,-4291.3889769325,-716.6293828771421,0,N,N,28
5480.023000540141,5264.301705635602,-7834.224627729576,-5709.296177127514,-8202.173920540714,-3217.6180157708354,-8611.13481491063,7181.658421440821,2888.6958390884647,1812.0541581390175,4671.364630926065,1700.9925548274575,3355.295989076742,-2819.453608478782,-3500.692929076516,-594.4121013485335,0,N,N,29
6074.307558045278,6281.666699615429,-8565.023954661609,-5145.846289394536,-10243.275514702302,-3373.7748230207794,-10725.04644240254,4930.3029568587335,1787.3616866448563,2286.105747499765,4400.681717047867,1083.6799631493398,5256.0406883134465,-423.67930868449645,-108.14311724606051,91.75032675449394,0,N,N,30
6366.516033561998,6087.050951487196,-9251.016323041216,-6645.212350252614,-9653.05546004589,-3434.4572319285617,-10198.416436086503,8438.806340544354,3869.2296829589186,2117.1868182267526,5343.059340026175,1835.2529106495329,4169.257942398005,-3426.965493866647,-4390.031353789176,-1518.127490917538,0,N,N,31
4543.873625273613,4668.441873169075,-5079.669930957573,-4455.502869176363,-7003.0075637212585,-2837.843765592514,-10041.119021406723,4853.924011726651,1581.713907689803,687.1394780713024,3923.2368044596483,1064.9880001799845,6336.88742399443,-1835.083298192039,-537.0945454674945,112.49354365463577,0,N,N,32
4676.9271576984365,4869.037072364243,-5822.163869808621,-4281.382090969879,-7699.930417920618,-2946.0430056445302,-9064.74187182185,3779.0220278344395,1288.1034620893358,1497.2131837324628,3215.7325656542657,1053.0154886671446,6111.98526488592,-1109.7466121256725,-123.40112129465952,700.9716944798636,0,N,N,33
5710.797668023389,5923.841708557881,-7174.005223835369,-5282.3163762378035,-9451.671180210968,-3618.777462736523,-11429.200955148783,4859.651443410385,1657.8354609160003,1795.6724016506412,4071.21673128421,1510.5683123725735,7590.225673600436,-1277.314720563597,-412.463416787487,1032.1380109435345,1,N,N,33
6216.592077169432,6355.352909535563,-8686.928306208332,-5559.773665960984,-10352.898968294896,-3231.389713596847,-11593.44500423626,5939.88649593637,2805.575526718982,2088.6601276276297,4981.350872031496,1463.6570364347747,6195.469433025375,-1248.9865645330437,-1002.170143941169,-773.0407369828946,0,N,N,34
6568.642811288704,6809.848141055249,-8276.444670845794,-5992.595548487761,-10553.814697475198,-3487.5619260903877,-12362.42316264913,6007.787074791068,3129.8911150584695,1735.4165800464177,5231.693886430538,1480.8284923354029,5681.678005186609,-1094.7466709090168,-908.2226451856268,-1123.8031660534746,1,N,N,34
4958.313097084908,5484.735096766828,-4978.804412657406,-4026.673924324705,-7784.572461168205,-3098.4549286345664,-9041.944184644854,2503.742242978834,711.3195692029794,1217.5540189903309,2967.3884345206407,636.4626829201285,4720.058410558905,-67.36643014149041,1568.14271273803,1060.6512225180186,0,N,N,35
6192.08221593328,6837.636343057361,-6916.478922273479,-4804.707791036211,-10244.703531555946,-3519.0380180765865,-12411.062749732324,3367.1095037979394,1225.7237535995282,1267.6426380619057,4019.360118988864,948.1574702235646,5854.6283506540685,365.3125230403017,2070.622684834459,895.8104595337265,1,N,N,35
5858.8117650988515,6276.68686156273,-7207.345876874837,-4922.294958424516,-9901.37646216851,-3242.872430465823,-11579.708405862768,4091.313330269232,1775.911407817646,1927.361907367038,3677.451073528352,1044.6103976222612,5222.275334915675,1033.0528951374872,-96.91934354116766,382.9340949532867,0,N,N,36
6232.189261592438,6875.947106460053,-5436.7751355256205,-5602.597545035237,-9340.507264556634,-4075.669710255989,-11182.13268550457,3464.8766970633055,1504.4517736326345,1459.8994738599815,3763.3748517298063,662.7487400159556,4534.587154883617,629.0780368067262,1154.8287222234178,275.1339472080403,1,N,N,36
4730.403218577313,4664.120264870658,-6944.721331855131,-4526.199593027822,-8030.1439918485685,-2476.1720886266216,-9620.054823530094,5155.196794647284,2308.7175991763525,1963.5501922503572,3426.4884474259275,1214.7356164250482,7654.105401399457,-1552.865232331793,-2065.119475670222,-765.5397311148218,0,N,N,37
4890.194781441576,4834.112425249308,-6940.608208418563,-4732.977290240701,-8214.308506514211,-2631.0809875993846,-9965.45382265034,5172.699016312935,2317.596390788463,1920.4813766415557,3443.2454985675276,1169.4825582603976,7645.900689874959,-1456.7342343247992,-1982.147648849351,-792.8698531248785,1,N,N,37
4458.88488566254,4409.393361530771,-6208.962470528887,-4364.6230107176725,-7413.300830119586,-2417.995286168595,-9068.164816320836,4730.425699715096,2210.6095777353403,1684.9701022015213,3089.9831173605808,1180.8922085463075,6853.492202501567,-1456.2795595313,-1945.7453255134728,-752.5019761525986,2,N,N,37
4772.420123553574,5135.579213115902,-5375.399516463822,-4157.4879042294015,-7980.045715251668,-2854.9953024646043,-10196.267682469383,3130.3251199517777,1510.125408579344,1134.500978883044,3407.553009289694,1149.9069699722406,6853.192171555712,-386.5541607365668,1077.0561551742762,283.62659184477593,0,N,N,38
5021.0201446631145,5383.375912391555,-5733.570595522253,-4402.195954988776,-8376.756375827106,-3030.2668069438814,-10561.628906138509,3382.219237925178,1575.5143231493198,1254.137346722875,3659.9625356621914,1157.2168353264044,7055.126266275194,-400.6635457894835,1070.4544767931504,201.59863911532875,1,N,N,38
4906.746895523133,4997.993254649357,-6666.9934870941825,-4490.778308505074,-8185.921281679101,-2385.655754971195,-9883.068170872997,4855.858540147565,2569.690003456736,1709.613764345084,3698.902255809365,1080.0224577186107,6240.512820119482,-687.7861253183687,-1649.9073341282585,-1062.303692400586,0,N,N,39
5237.470867268092,5103.934046090667,-6273.696241779567,-5700.6281562560935,-7769.322128614088,-3030.3076754604053,-10328.720009598259,6314.287937149759,3154.950579029078,1171.9135980932235,3409.0257834522035,1740.1285690800328,5428.242443362127,-2185.491066184306,-3905.937119083627,-1046.7448148768851,0,N,N,40
5767.13851787792,5674.730722744673,-6501.854669898587,-6276.796164948829,-8422.159957348184,-3289.8796779623945,-11366.056483922412,6754.984170225532,3604.515323496875,1240.2228838623003,3816.865166169338,1866.1600519794479,5988.306790437178,-2374.9313940211805,-4018.8173876899623,-1355.5273920920563,1,N,N,40
5676.738510201723,5795.422767197222,-5720.051384775979,-5904.181818272825,-8038.13941342952,-3083.987531087851,-10403.361220782946,6069.5874456788015,3565.008688052776,1298.2489936731854,4197.592430161653,1486.3624339571443,4405.354370851448,-1419.4162645423678,-3219.4968760661463,-1350.144863592975,0,N,N,41
6242.693487836503,6253.666561700287,-7358.032681299591,-6377.477581544913,-9259.133636072762,-3242.368933101146,-11043.598670423207,6914.364209976771,3880.729543457639,1966.0836631043849,4574.283662831715,1578.2381114001887,5751.909934816119,-2048.8200714048457,-3624.7834189851555,-1595.6082375721523,1,N,N,41
5825.707536935737,6282.9036433757765,-6090.291795557223,-5189.598394883074,-9404.742265369,-3609.4689403643542,-11914.186771242692,3740.2540915193763,1682.4523201967347,1524.9196832093512,3831.275359525148,1162.7182111789443,7274.897262398546,129.97289048266555,827.392710966793,299.253181035937,0,N,N,42
5884.594865879739,6398.669705363934,-6138.339092117245,-5121.0539775019015,-9562.538662962957,-3655.4018459265403,-12162.689955478345,3643.7937228256324,1510.604586044969,1537.5641567244072,3887.566134348228,1102.9476660072871,7317.819252770525,420.5769929755151,1075.9203350801329,470.9699605023924,1,N,N,42
5858.175145326484,5607.357167265564,-8497.421231511034,-6150.136083207737,-8910.749384652421,-3542.038830893998,-9602.039036265394,7720.901178630093,3095.1949763148123,2005.1564385630265,4879.105289494243,2224.3477072460996,4366.899529977662,-3195.1572840790236,-3968.5017480516112,-255.4455298325921,0,N,N,43
5961.307548450032,5716.465044261895,-8458.513853329454,-6302.791668907548,-9014.091191771267,-3529.349670520364,-10008.744807446123,7912.726265472058,3338.4522748149016,1889.0783471010752,5064.158603925796,2181.795916913051,4243.783129909233,-3122.608838103023,-4099.510520071024,-589.8631524981154,1,N,N,43
5854.355426692278,6080.823705329164,-7200.036003976464,-5401.886033999469,-9584.112614000771,-3445.3756565348854,-11176.816061306277,4805.135249498375,2120.6887615079654,1993.701108498524,4214.539436379548,1204.1669902144727,7276.397248094378,-1072.82916838719,-244.09852457512093,-117.42559018842707,0,N,N,44
6239.828698860849,6467.76672256669,-7912.073623569184,-5724.9125855445,-10365.80153846628,-3583.6714183373706,-12173.899316098903,5274.167083921695,2386.4805904760924,2129.1793758546746,4614.059666580655,1331.7808925324139,7873.534105147608,-1056.1463840995843,-365.27558465130545,-229.39453151221744,1,N,N,44
5986.135719572368,6007.418497158063,-7900.045150956686,-5774.692783448492,-9405.341930727505,-3512.37239222049,-10531.63330509444,6106.206934291427,2512.676604981106,1895.0944825694105,4742.794213370752,1562.684986588172,5242.250970276755,-1880.8204241287597,-1420.1118859063588,-237.934935963233,0,N,N,45
6136.059675964933,6115.0463253245725,-8927.444870800422,-5698.825437391736,-9987.23237272876,-3383.66670682039,-10846.98562601849,6666.750896305683,2504.334295881587,2127.0592176736427,5327.983411974011,1405.3490351380005,5695.9030749421345,-2049.506775538295,-1431.6310256474503,-332.67903818148557,1,N,N,45
6498.6146363282705,6660.017429893814,-5983.7469270374395,-6833.549727817064,-8692.854758178206,-3795.5517769692265,-10303.890184967262,6303.416593698064,3838.493441301778,1515.6726221302674,4295.777269022003,2027.6224507954869,3829.0662770756066,-2182.053021784615,-3145.7858326715104,-617.6244025553747,0,N,N,46
6591.561123093938,6744.972367442942,-6037.030354547839,-6978.399924204521,-8801.414618389492,-3841.2704564870255,-10532.125757518648,6466.042064479069,3970.0676784197044,1540.898001454008,4361.178889684587,2028.6876374365504,3831.3042201185153,-2074.2926560828605,-3355.2958809909715,-780.4384571292746,1,N,N,46
5819.659649098246,6200.6893628555235,-6068.287677580648,-5301.733497052036,-8734.61235801893,-3663.5221666537204,-10082.428861328191,4412.217737690283,1678.9712912394837,1419.0504520803765,4240.824887949716,1120.4903338863387,3132.6241256656476,-62.15267226435357,-94.63573905593054,648.6574939515858,0,N,N,47
5858.493455212668,6214.831696407117,-6253.783929256871,-5358.089319302862,-8815.917556865052,-3700.8595921568995,-9938.282369562205,4525.490219467754,1710.5989747448239,1582.4644803638027,4335.890103497139,1177.9342050859796,3305.624015582367,-248.5696155669589,-126.79704261945334,642.8712855721835,1,N,N,47
6098.180799509062,6481.496282966486,-6147.562174613491,-5697.384109252574,-9016.881252201883,-3963.289852980602,-10210.989877722906,4503.87188030045,1757.6733983202337,1631.8018377480798,4244.190261568932,1117.9634779549547,3340.3408256387256,3.691165501405795,-352.4442477948562,604.778819879993,2,N,N,47
5861.6765540745055,6278.179318383693,-5752.826815786463,-5408.4846671346595,-8646.85629345135,-3789.5545773693843,-10213.96613052312,4338.055301829646,1658.3597019844365,1206.3639713459918,4371.23147340804,1068.5902844560105,2579.3407539066893,101.92038454398855,99.28127553245828,611.5299763980536,3,N,N,47
5599.070897972878,5473.729572716838,-8863.279456880178,-5149.707669783883,-9364.24872300822,-2902.9234542412155,-9893.772937011396,6449.462587650045,2357.9829126578716,2264.3826730003025,4502.622954067027,1410.3111011780193,6482.173640459239,-2681.1223768341406,-1931.1314992277419,-119.66517854179301,0,N,N,48
5593.34132002157,5396.709933526321,-9369.510084695266,-5123.445912992966,-9589.069558991741,-2833.625730253705,-9889.606984243017,6607.709779549997,2352.0913161227677,2625.9980736999055,4354.4427974775535,1408.5370952704397,7147.490458864831,-2630.1063350968752,-2312.6635730317207,-170.35464363547956,1,N,N,48
5747.084995048341,5622.811155255905,-9243.445028851294,-5209.701983595437,-9679.551992088487,-2876.7413567879003,-10138.40823047928,6666.451011231908,2467.8296673107434,2411.995645588696,4626.322943663014,1395.0324333334306,6671.251652439351,-2683.204529565193,-2114.033146655406,-209.83925059772744,2,N,N,48
5631.538506363625,5450.407599519189,-9646.036979737612,-5047.667554688742,-9766.922511914458,-2868.933365120805,-9815.234591438166,6600.324372418307,2160.5129911925637,2748.3015771644777,4547.194594441964,1283.7982375520296,7219.801626581021,-2562.1327917231597,-2000.7115504868668,-80.15795735560255,3,N,N,48
6093.406151216305,6117.676527262081,-6796.5510850420915,-6414.441579514245,-8315.760753480541,-3987.2308514880833,-9040.979017415693,7046.292302903346,2785.9474443739396,1633.040035182203,5230.907841530078,1701.763405872883,1673.3470076269182,-1945.297012077981,-2949.80643122342,-112.54536915309357,0,N,N,49
6191.127286274729,6206.229138889094,-6959.4986179990365,-6513.055465276735,-8437.493856217527,-4024.112982968463,-9257.186968319344,7317.538550110535,2873.2301552249164,1564.7135590120556,5505.120525026709,1753.8789379264865,1396.3220501851042,-1989.5666121877355,-2983.4851759959,-171.04820345295528,1,N,N,49
6815.651282967327,6907.553751258759,-7408.657337320915,-7079.574844347932,-9250.109369691583,-4520.145612290702,-10033.31205446849,7633.517622280424,2895.4380396140327,1720.2011876815986,5955.064852413133,1794.9105534682024,1520.8980404369636,-2029.7578808260198,-2664.6376101899227,25.6656703220266,2,N,N,49
6670.183664981334,6730.032301197873,-7572.5085755234295,-6883.807280922436,-9260.439007088808,-4337.102473884311,-9966.322812914455,7504.927641285703,2882.8351416356068,1842.53066768044,5754.168424069033,1771.139324205889,1947.9863285743374,-1915.1774126069351,-2798.472296012359,-32.6409916778903,3,N,N,49
5864.541343050159,5781.927495052416,-9144.710612277244,-5506.900050432834,-10077.30239835458,-3539.9711388077462,-10281.38576309233,5741.805304574267,2124.7214693053847,2770.9497296342224,4219.010813771699,1686.5282952973093,8684.03570392782,-2485.396877703138,-1128.1264594642541,-144.06324810686496,0,N,N,50
5879.183597814614,5788.660862477796,-9075.914024772888,-5580.703846091475,-10045.812703601254,-3548.6532829730345,-10328.141356616385,5836.848460929227,2245.048743460705,2797.629870491384,4236.5517539145385,1775.987835575555,8865.08273597124,-2590.61954879918,-1321.002866766748,-169.6729498613968,1,N,N,50
5814.885000805489,5752.054609774534,-8785.72885235557,-5507.511125882877,-9853.536628945618,-3519.7211133552732,-10166.312574685277,5638.877770761743,2158.0055995526914,2643.0423129370397,4184.633056268623,1604.2398381186918,8215.53303683989,-2406.613614338453,-1093.9552752883947,-289.92909882133233,2,N,N,50
5804.380774561423,5745.097459887061,-8741.118270300725,-5496.723082318713,-9836.969031111763,-3500.732428060096,-10079.899134574684,5550.019040586458,2169.304430621604,2659.865571148641,4127.039720796138,1589.9527450789944,8279.67578995507,-2427.2769562653884,-1029.9287414192806,-265.53614934523716,3,N,N,50
5553.87089413478,5560.933753349857,-7686.591983733874,-5341.202262432209,-9122.883625783803,-3644.2694107771513,-10322.148215328305,5359.192522101313,1650.4475552397832,2060.438648431648,4255.267082324039,1489.8161028951727,7403.179987322916,-1787.0883048703831,-687.1044093094902,334.48016217424436,0,N,N,51
5539.8652591426935,5554.15109942649,-7803.673865909523,-5251.9894715182345,-9219.86834763937,-3525.559318078461,-10299.861912808707,5263.040124973993,1766.3307109395653,2216.9713077749925,4259.809113220658,1543.4268295057236,7711.193030765336,-1615.4839486199521,-603.118195701483,231.24416836268855,1,N,N,51
5671.9638619089665,5718.739075437278,-7717.478693747693,-5412.685350459643,-9327.718897918408,-3688.7439236993987,-10521.214171763024,5267.719438560781,1715.8181749335022,2149.2503785697027,4253.57311794584,1485.1486838163487,7673.6031557523775,-1695.2809249038035,-598.0040658642511,277.12062351951306,2,N,N,51
5632.493436022176,5642.66964550489,-7963.409000138264,-5354.576650081906,-9365.216426700623,-3652.3929196947347,-10464.769582666728,5428.800191106938,1657.26075727002,2245.8306953165647,4327.749718543037,1502.7962822950385,7784.895169558413,-1722.2655516713594,-709.3687422586684,364.5140679931261,3,N,N,51
6119.82587176956,5884.225757481774,-9925.243356764471,-5993.669690761659,-10225.326311773913,-3508.942497441701,-10286.33889955876,7378.469841405004,2889.678519014027,2874.33397309919,5166.115994068915,1951.3160655733639,6920.607875597829,-2683.250207392461,-2833.7345924255396,-552.8813308657737,0,N,N,52
6529.490695288098,6332.575118333293,-9991.941748431253,-6477.074995976282,-10682.204590311456,-3793.0874808391363,-11162.197479446277,7630.6447619276805,3179.088228288036,2806.4611805928257,5202.266710449198,2162.342607352745,6964.486973886496,-2584.0987894610153,-3224.2903640518375,-568.1179956662128,1,N,N,52
6363.969554472527,6150.619964934596,-10018.936930887852,-6259.628218387866,-10494.248873430442,-3619.4178982610297,-10832.158183273003,7662.35600607309,3122.676863052511,2817.28655493682,5281.066221261935,2063.96001010497,6827.164892340053,-2654.053491567933,-3210.1682827758614,-605.0793438653807,2,N,N,52
6495.431537466433,6276.863519343319,-10288.80872543374,-6366.568768164392,-10804.0809974402,-3730.489868175763,-11073.28893711562,7650.409809209541,3066.4299942308844,2974.7416203327666,5249.469772338112,2086.631478681,7222.853353804094,-2560.045280115074,-3139.436061683372,-515.6974727987656,3,N,N,52
5084.363812013688,4974.377798393844,-7592.168570745133,-4921.639760362926,-8456.83390107668,-2794.220007827361,-9789.1942035784,5914.502621278833,2291.8069588628787,1894.589400815859,4154.800984317496,1296.0622000689593,6708.753071015233,-2081.902514686658,-2000.029346948058,-454.4580037979459,0,N,N,53
5369.887779920549,5227.618626855852,-8493.900303510069,-5118.4899119676975,-9123.75395799992,-2868.1962321813826,-10245.638454027625,6445.540868447162,2491.252643003487,2113.200165891729,4704.94385855736,1361.5700961027226,7157.580184381765,-2322.0549415826727,-1981.6294178015066,-652.1901783008125,1,N,N,53
5274.076504179228,5097.170734963727,-8697.788708587714,-4946.538532452793,-9064.25494842894,-2764.4292209618984,-9835.631125272463,6426.98420851251,2295.600873531868,2344.2818913553765,4523.400276462994,1246.836683759422,7408.068569318906,-2417.948157256124,-2087.462783190251,-499.5164381371343,2,N,N,53
5448.192011921761,5276.4646207509395,-8922.811478776646,-5100.090264420428,-9347.736656192177,-2837.3363898481243,-10135.3103237256,6570.667741280948,2400.8475135837293,2378.7807734314156,4687.641336253365,1282.8563442842033,7572.595373735202,-2505.8693594398605,-2057.4768156170094,-534.0212816737337,3,N,N,53
5609.575124216944,5614.2835557508215,-6997.893188861805,-5545.019299040013,-9073.945519694596,-3314.3032392863297,-12271.54474619986,5615.949211305039,2246.704825758385,1112.8469178738894,3797.527164599304,1656.915851506644,8638.86253747367,-2584.2194910986655,-1117.9173839474101,228.60616835725116,0,N,N,54
5601.935686948533,5660.383887184555,-6727.473242509445,-5488.225611446012,-9005.502785269475,-3271.582923132088,-12226.331063271908,5371.650988047772,2248.3323485914243,1076.119144791214,3689.4954874938676,1593.1214386805545,8790.634503923135,-2613.395071022353,-928.4042797522209,222.1621854970713,1,N,N,54
5473.975112702648,5468.56816535231,-6785.381193951901,-5521.337111487479,-8825.326604761574,-3388.177501718176,-12160.109628613252,5761.296168024681,2152.4661414350335,1245.2360895685665,3941.625715732087,1728.3173632277526,9352.78255438074,-2638.406266335032,-1375.4969704739656,402.3896186883069,2,N,N,54
5457.422998621091,5438.657798256915,-7143.685678107814,-5349.767188684731,-8944.253773842642,-3210.672589666547,-11990.186173459166,5749.896050008158,2124.1600710855314,1246.3673413654014,3921.6556843915628,1595.9263922473576,8701.675272210927,-2538.273994920767,-1206.415680038213,302.07178664543596,3,N,N,54
6184.761088551053,6384.656080300768,-9254.058511118872,-5153.404150389886,-10734.383555245202,-3941.8839558153436,-10156.980010338679,4474.077984764075,958.3056470743343,2793.1124525614273,4748.56765720347,1302.815352487475,6757.977206616672,-1370.1145337268692,2201.2979486781696,1047.5799347844654,0,N,N,55
6410.124487969177,6605.256100893782,-9592.852485544097,-5367.872940656313,-11037.394906082209,-4145.693818877133,-10357.579874316518,4732.504155790861,943.471671959284,2851.302666676448,4844.007628848367,1493.8282197112082,6535.947605303266,-1525.3271731892664,2004.2669680290926,1412.0099430114415,1,N,N,55
6488.747029856573,6757.632342772362,-9804.700003509099,-5208.624600559283,-11419.117909049568,-4078.638072083348,-10464.62627110045,4224.0934038255455,826.24045162053,3052.425027427365,4755.922211569186,1273.5708114600538,6865.934010481359,-1052.3100415429647,2767.6398592416563,1250.2047279128656,2,N,N,55
6578.192107874218,6854.497987534,-10085.943187254554,-5186.4531992939665,-11676.08209936246,-4094.9916217179643,-10656.925666241308,4207.385843306564,673.5955920694317,3149.831191959175,4732.5536638961685,1151.1830446753468,7247.780232346905,-1061.1690460674754,2970.359472011291,1326.874885789177,3,N,N,55
6320.679409951532,6751.529337990468,-7862.760137178667,-5272.556786056847,-10316.503831507242,-3917.948585206403,-10399.48469694341,3998.1103109403884,1233.4203476989617,2386.6569898987436,4216.468948351991,1008.4614022486164,5165.821524464663,-261.57789051043477,1322.6043005762535,797.7424887450834,0,N,N,56
5782.417392414742,6192.725221005182,-6954.173769769541,-4840.992536849483,-9317.667578887038,-3452.6792831295847,-9963.585375484905,3858.6927899348125,1332.4660710383907,1796.5338379816728,3888.3505598969937,871.0375379697566,4390.726050957358,-361.11630397516336,897.1286895316996,494.30266721841394,1,N,N,56
5805.01739433379,6208.332917468516,-6935.478085022129,-4949.21885837583,-9318.69275244715,-3616.332719822757,-9388.073652804282,3574.882497275287,1434.2033698224493,2056.412928551875,3857.601456665246,1236.4054342597378,4673.259219784279,-576.8047171070256,1327.734889441371,680.9524177909493,2,N,N,56
5851.808947602808,6260.577076923321,-6859.149762960019,-5030.7915429675395,-9316.577614095093,-3657.767354731147,-9731.365884546358,3754.3199108183044,1473.2367755653981,1846.1785537867574,3994.169269036497,1257.3261767016552,4614.122422014277,-741.9406892900354,1304.6532811878255,677.5919784108557,3,N,N,56
6551.135767548596,6162.826908302674,-10021.344602032956,-6978.258413775244,-10253.475311617343,-3662.875710857451,-11291.563020617237,9109.209349839786,3944.729031467073,2471.9992529599067,5280.0114786402755,2215.5402000014833,6745.3827721550715,-3876.720325622112,-5423.696414521199,-1263.0547003991721,0,N,N,57
6570.870980491991,6209.774290983623,-9810.502685562496,-7022.866254537275,-10208.931995935553,-3735.447760095426,-11295.384458478715,8941.886478555622,3918.567298804906,2391.0955180668698,5252.292841205346,2208.620213890231,6725.015220668455,-3913.329295085567,-5170.487738907872,-1261.111410729216,1,N,N,57
6716.975218250351,6325.260027179942,-10196.014892538753,-7179.057463100449,-10511.276227787512,-3821.227884858154,-11542.572737941739,9173.076162259571,4001.183131937923,2519.365207320364,5278.901390115812,2354.2541355807293,6809.069427709729,-3861.726611897361,-5471.106071865019,-1138.402534949333,2,N,N,57
6429.223081140204,6085.223536308493,-9517.679214295198,-6871.357768518811,-9974.473058849644,-3661.9610325894646,-10931.550379752118,8587.758547150157,3819.076842687688,2385.1178983994732,5099.534687055482,2101.68375345588,6434.50832519969,-3658.509251902203,-4872.503659832298,-1273.4403217686652,3,N,N,57
5263.890587821346,5135.71949704217,-8823.33265256602,-4738.0656044326715,-9202.252711442752,-2743.798972162958,-9221.590844951988,5653.294699611633,2136.345511190224,2619.9712211488977,4020.2104588327497,1308.9456008377886,6994.418656186031,-1798.4584542484783,-1647.9511028883137,-277.0313365963332,0,N,N,58
5211.687766487205,5134.488912918207,-8532.072178466593,-4675.595989634752,-9134.771269760442,-2661.923432523734,-9361.592119190993,5413.921545013904,2311.471994557853,2409.2493557489042,4052.829471339618,1374.6302018088118,6536.33024915267,-1502.4514509144717,-1501.6744734922122,-431.63495532969506,1,N,N,58
5495.93849484933,5401.181290246526,-9325.241248278186,-4827.343932882011,-9795.307927007658,-2766.1966400376655,-9706.061759700104,5658.497519149785,2305.5521808185295,2815.7001567859547,4190.325604609697,1393.8879528375924,7338.7565208910355,-1532.0903586643963,-1549.3040078671888,-362.3006646673033,2,N,N,58
5454.876519531621,5436.668942172465,-8652.462401364539,-4830.729681787174,-9555.068391467395,-2799.853567050844,-9872.045905009507,5250.721444149643,2329.3096029611506,2449.785141900869,4011.151356677468,1407.7478460132036,6909.725963929127,-1361.6041357364174,-1255.0537737954069,-342.54576957330147,3,N,N,58
6066.349810890683,6103.813124204321,-8598.622362583075,-5666.430793487269,-10267.886170877975,-3560.4650777348,-12140.853734873055,6100.125912743981,2118.623091741315,2362.8446885542953,4641.200592213376,1313.5521721818204,8657.526763558906,-1431.8375639443034,-1394.4759543581222,-288.16960287088995,0,N,N,59
6142.107563802425,6188.878904319009,-9023.499400117282,-5579.861081556192,-10638.482126196357,-3494.0607420474125,-12336.409978708463,6028.396335731889,2042.659645753776,2613.4421350826083,4618.637192823229,1226.6572713828448,9371.570289633237,-1294.1584023217354,-1226.403812311721,-210.31034445606832,1,N,N,59
6353.783638114646,6395.073616882458,-9651.254899407733,-5607.61736020402,-11088.796005782484,-3466.6864856850925,-12774.414973708515,6366.735476007595,1971.4215211483058,2586.199662808869,4823.509033488579,1029.8468982726283,8705.397591255027,-1112.0132124224199,-1303.9226001832167,-221.96996220141398,2,N,N,59
6007.144172060498,6097.1189645077975,-8638.577716686917,-5412.568112959671,-10424.72618157308,-3408.360148859085,-12004.146199796465,5533.474405030917,1990.4527777605135,2679.5080950751176,4346.797696152331,1197.677474315027,9733.356951469295,-1177.9153376526285,-867.9504452972973,-169.21740641155304,3,N,N,59
6409.806178082993,6206.048469321695,-8421.858703034797,-6855.615211889469,-9516.869571845573,-3807.483361328067,-10792.490189111724,7965.52599636883,3689.346654613039,2083.6025868684,4846.267176603427,2313.071354966422,4442.931416241417,-2361.7113896050355,-4855.536499553374,-652.1102333146581,0,N,N,60
6495.113227580249,6289.17500011354,-8610.05433319343,-6931.763249757196,-9685.939943153642,-3911.52566498988,-10769.274908715923,7958.279192493782,3662.9170231751136,2174.2941033403145,4943.312365044107,2357.009695963462,4466.294310068297,-2366.135960701805,-4669.655784019658,-610.6974431884757,1,N,N,60
6396.755472749458,5944.888611459156,-11951.203359026465,-6072.904952435517,-11108.102675417786,-3258.35305970291,-11675.851741284005,9477.159667954917,2778.075766573866,3243.897908202613,5508.685510053047,1636.063111545411,7038.015805245817,-2332.850118944596,-5462.089447518402,-272.32246409149514,2,N,N,60
6498.6146363282705,6243.031316230308,-9082.195104957662,-6878.304824234417,-9901.11304300954,-3880.1345308815935,-10833.670779671009,8136.905412257963,3547.88323444694,2341.940439669958,5030.376461965451,2291.338450880697,4850.99478940479,-2423.268885049063,-4711.734681093857,-593.5543257197914,3,N,N,60
6256.69912282859,6083.807898400958,-8525.344734747485,-6482.890923335705,-9474.207291221848,-3945.4273752049476,-10483.9891043336,7302.759438309905,2831.873758410609,2171.2560013439543,4221.727526222307,2211.7527609605168,6895.389552234571,-3655.80632976926,-3630.185742297684,144.18173532689278,0,N,N,61
6292.668139967358,6005.70092785924,-9418.167776049653,-6503.635457806693,-9892.249525246505,-3830.812875636777,-10543.093121045706,7718.942885963601,3015.517795511456,2585.5879934387585,4333.921061256986,2326.9982855099956,7587.514695993493,-3765.6091310646907,-4068.8559867749495,-45.42549909926431,1,N,N,61
6034.837132158487,5877.982756560086,-8324.510044612503,-6187.04080049093,-9200.098446261512,-3776.170664385003,-10195.234858828668,7089.243270166497,2646.4178314694154,2065.621213448458,4113.623349002469,2079.6091527693034,6591.94786004553,-3546.0509753638303,-3492.770786872502,234.54249154939743,2,N,N,61
6165.025875607658,5951.907073330765,-8754.086193306772,-6357.081383463087,-9424.652563288037,-3861.0858753071366,-10314.314835101894,7462.8291005780575,2761.3679449030146,2188.042701827843,4278.9435648837125,2242.588763900853,6773.840515882141,-3790.8121861841205,-3812.1777819834206,265.3112698223288,3,N,N,61
6485.5639309947355,6276.894140582134,-9164.842763506138,-6815.102938184281,-9925.124433256216,-3620.663808753333,-11205.98182117584,8747.888850175466,4015.7337253596725,1997.312233780167,6191.631863619707,1942.6905860216896,4205.147568536824,-2793.4880167608553,-4152.417084986755,-1741.3968700158173,0,N,N,62
6506.89069336905,6299.971452180238,-9394.364738247561,-6765.642010836668,-10169.094413866338,-3591.386882918175,-11437.138713188546,8623.97178890654,4021.7836967457724,2166.6494153030935,6122.346484856067,2015.959703516986,4879.634647874898,-2629.6800321439705,-4104.428299173175,-1693.6460278649356,1,N,N,62
6379.885048781717,6228.487141974171,-8698.707195446808,-6682.024103667357,-9683.89000636787,-3543.894278490272,-11015.946489479584,8332.533219918245,3992.304172370584,1884.8825807032702,6028.758923191912,1848.3884723150945,4022.1434243038702,-2575.889472625552,-3806.6066133387562,-1824.6276142787824,2,N,N,62
6455.961111579642,6250.6157397742545,-9096.299062043989,-6774.182960828346,-9833.875440305244,-3581.74351592954,-10823.239793131175,8605.886167845341,4022.5145013249976,2069.4981707059883,6180.43904444813,1856.6923757793038,4069.9625935553904,-2835.8525566824296,-3947.7746296902187,-1858.4235361496649,3,N,N,62
5879.820217586982,5674.180091540041,-8334.011698360311,-6025.372354582609,-8912.942027763356,-3100.141980890697,-9900.812757335909,7712.888908250852,3454.331610441174,1834.1187663347725,4877.298430757315,1676.3404777246112,4041.7124058870204,-2775.507300399916,-4101.41026566902,-1070.4353002567075,0,N,N,63
5882.685006562636,5708.367448889679,-7937.978011529087,-6122.056261216296,-8703.242991068013,-3181.9746742828356,-9749.520091502387,7627.083765563058,3550.1345802016917,1659.302388909558,4982.7952100993425,1712.2468834736587,3537.567869226655,-2774.260777761917,-3921.015164073415,-1135.4248572365866,1,N,N,63
5745.175135731238,5609.089550120817,-7750.716624667168,-5882.236626251705,-8666.419272371613,-3064.559853993111,-9959.256908165718,7236.124891299102,3324.8624884961055,1663.0006245723637,4598.389594992539,1579.2271620614654,3974.893503688837,-2352.4251722031045,-3891.6289322827465,-1008.5064660829585,2,N,N,63
5885.8681054244735,5752.796015045701,-8207.282452697478,-5893.974395373083,-8972.278113356864,-3104.4584149589427,-9954.189695169309,7398.8018232522745,3219.4178411603875,1786.7162135862454,4903.414427852931,1437.3762409151973,4097.846561751679,-2602.9820482059035,-3487.7203301964746,-1040.9216182377882,3,N,N,63
5183.676496503032,5540.356775299412,-7318.033015786239,-3961.1115822270167,-9473.129892700996,-2654.478239292798,-10679.383791022421,3004.7918487803313,1367.8964214651885,1913.1560295740219,3378.5219779527347,696.8517247310829,7448.8994168950985,365.6445055074509,1429.3015681418647,-210.13146270066176,0,N,N,64
5207.868047853,5554.591364401208,-7571.682922873287,-3920.5749313060305,-9631.25493450589,-2612.3324506584777,-10924.264979000493,3143.8510875522693,1354.1523845425309,1912.498496171122,3495.9268658951933,712.4388910915129,7595.178519343597,395.31603847315796,1404.7050482267696,-131.39623856018503,1,N,N,64
5509.625819955233,5826.234183285656,-8380.534520110034,-4151.794029161908,-10311.34964240265,-2869.581026460381,-11265.96061065558,3426.5968109424225,1208.989753247874,2337.6991309402533,3819.7306836488733,698.2861320021724,8524.558449409447,280.181158536834,1719.8120992502154,-106.7049864612041,2,N,N,64
5335.510312212699,5546.127009397776,-8509.094409049334,-4165.239295020644,-10085.16804939245,-2946.668199010242,-10027.475388666033,3279.0984865855157,1081.795460337684,2993.574310551484,3461.775632185794,692.8540213081358,9233.222992815272,-66.78895446994233,1488.042540959852,-166.60679416390144,3,N,N,64
6155.158269135961,6541.138132851102,-7799.2961171319985,-5141.205097814474,-10026.709061935064,-3300.6039396844667,-9840.415478772711,4049.8887645082946,2252.775381824577,2157.9745693775126,4406.436955769276,949.5263427267666,4027.454372720879,-381.87674681524226,1315.4813142331814,-772.8534376430224,0,N,N,65
6190.490666502361,6567.515200460518,-7973.813224994341,-5166.431415409094,-10164.298359500455,-3330.5169337871757,-10016.105221790414,4162.409888987434,2230.498619099398,2233.8163978286034,4500.813631410403,960.4470243760447,4117.3254437246605,-224.88466911138303,1227.0509796666295,-732.7060497417208,1,N,N,65
6660.316058509637,7122.087782330147,-8197.272276360382,-5527.016551857355,-10830.343803169704,-3627.0429175878307,-11087.72266502349,4304.053659931879,2197.1735098661,2157.9522483748224,4693.2001719001855,907.2289033447497,4740.921468290285,-444.9405199141767,1495.8945704214336,-588.274309716558,2,N,N,65
6308.9019441627315,6781.432940379284,-7477.052578565216,-5242.668052483452,-10035.699065352179,-3505.8323294272604,-9867.4480509973,3837.4934884854347,2034.6274967877487,2100.504372909778,4392.366462488355,823.72058832208,4234.180816627286,-635.4977796063079,1852.659653495216,-589.4587940449319,3,N,N,65
5235.242698064805,5203.659288131999,-7893.761513107187,-4949.656933496599,-9023.62685904722,-2952.173731423218,-9791.014063719436,5124.26536708223,2531.792899217359,2420.7363712265196,3807.66438192592,1823.038103351848,8098.2241644515625,-1649.2458713021233,-1576.989525971477,-467.40452866281964,0,N,N,66
5272.484954748309,5221.690975298926,-7937.108790054872,-5041.927551572186,-9036.518210761278,-3044.1128428934603,-9877.466281151821,5301.310363049883,2485.242102928067,2428.6448648067467,3890.890835011879,1851.8226220269512,8298.844128379778,-1819.2710062767458,-1669.6621990660728,-370.9046922285461,1,N,N,66
5499.121593711168,5528.076590817213,-7975.2264361486095,-5119.2818415400425,-9399.437182740616,-3032.2254107849726,-10522.307175807,5148.508584494888,2619.915928128282,2242.3232293879996,3826.639824398402,1774.846963519607,8176.579171605648,-1698.7651627105392,-1483.936994911494,-562.4246837463468,2,N,N,66
5576.789205940013,5578.851701307937,-8356.485773989469,-5175.130379200784,-9636.11731748193,-3044.739710239972,-10401.59897779794,5251.780464719096,2714.8561964557716,2538.387798648796,3928.3062518993465,1853.512096043045,8484.974094451816,-1659.5516363111474,-1556.2771622448922,-582.0686224774494,3,N,N,66
5961.625858336216,6000.87768018891,-7883.182207045398,-5525.348600649352,-9255.003182343695,-3385.5933798340902,-10598.60362503582,5856.440771517478,2112.436751992668,1281.6697054393198,3761.085879606259,1615.4367602923207,4188.0321156403625,-2321.6349199104166,-1710.4015141899924,794.9203161993145,0,N,N,67
6199.085033429324,6280.383173581372,-7966.835636036786,-5705.474896095375,-9449.094610619915,-3477.750555867458,-10786.391979461365,6045.932911578264,2183.9919341370974,1200.3573881818295,3772.356632908236,1551.6195035736373,3376.450861033335,-2180.7609566650026,-2006.6220955326555,720.410305382154,1,N,N,67
6247.46813612926,6361.9024451401,-8086.432681625439,-5654.2610988882025,-9637.559459859758,-3487.199192892168,-10976.999868900071,5959.693531156875,2070.3015675241463,1349.970167396087,3805.8410108830826,1441.437875598851,3912.148177336359,-2018.1592301526468,-1822.8813373186285,802.8631945433733,2,N,N,67
6286.6202521298665,6352.6096850386875,-8313.116408224734,-5748.217540748674,-9667.706863900105,-3531.088782004263,-10758.82577919079,6134.979097550079,2154.182281343399,1361.2918203147563,3853.291862126074,1549.6274788149647,3532.648315961171,-2227.411043117186,-1989.9641524796561,769.3552075790465,3,N,N,67
6299.6709574634015,6189.838329509192,-7275.740656296776,-6825.363813296062,-9069.38363198576,-3443.2196883929314,-11339.257571366195,7433.445594186442,4305.555317207094,1558.9799758492027,4099.638968047023,2242.471038225166,4551.699229697975,-2182.492661088507,-5264.32012605736,-1396.0429289671456,0,N,N,68
6083.538544744608,5964.562274103507,-7322.922286689414,-6512.271211536074,-8956.426192725401,-3168.293168469197,-11367.951342101816,7325.307451791629,4279.6908264086205,1479.5358984680406,4012.2966173948257,2049.7159568352613,4719.1311698263025,-2125.2798079059394,-5281.750299179361,-1775.921523481552,1,N,N,68
6195.265314795118,6058.655460153364,-7474.428232887954,-6701.814238850991,-9095.17618926293,-3210.412757367492,-11403.710734826358,7665.329233210387,4501.441175276137,1673.1416613082463,4314.563815970636,2073.388766911699,4895.461784743189,-2233.250794248581,-5479.324191359778,-1948.5599803947287,2,N,N,68
6134.14981664783,6022.92976703426,-7436.27331237257,-6584.8969338408215,-9088.300121701004,-3097.8668416754526,-11502.224582977842,7720.175133165117,4476.2363047715735,1670.7464799460604,4658.184735421487,1799.9758489935334,5111.619732426828,-2171.518134802127,-5138.5879243037925,-2266.315557580316,3,N,N,68
5674.192031112253,5850.194669233144,-5124.504815074166,-6086.015021349361,-7648.08274259301,-3321.71561348403,-9239.566312688661,5734.203580739515,3658.73270279142,1289.207643616667,4482.351943876492,1431.5819404877302,3200.731845396991,-1499.3301287244442,-2255.2322735948073,-1677.1715836282508,0,N,N,69
5737.535698462827,5719.552081689665,-7364.44892056327,-5783.995473995321,-8724.781393577667,-3005.621279345917,-9930.970630660928,6704.747280878235,3407.724354321953,1853.664519758431,4760.847402737055,1347.744989298076,4168.09272263594,-1644.0802779675453,-3093.539683612696,-1405.1678435963101,1,N,N,69
5845.761059765316,5782.174984754325,-7699.439614745976,-5949.407100421338,-8975.5638782819,-3086.41159084874,-10252.849951419037,6974.612404826226,3465.072938394553,1911.4449805621464,4837.910424213355,1348.8518244865747,4363.604024044722,-1629.9054107442137,-3426.177918564748,-1476.788643110959,2,N,N,69
5599.3892078590625,5727.366196723071,-5503.278974236146,-5969.256549188563,-7853.389311817832,-3306.9872990778117,-9531.66023099371,5675.065015576105,3445.6825297913183,1296.534891107039,4338.457083353181,1434.948094026831,2974.7178269129513,-909.5647382487086,-2530.0492141018826,-1435.233026797873,3,N,N,69
6099.135729167613,6405.494586499309,-5361.539174815469,-6201.36390501735,-8045.450551560464,-4423.015792125379,-9292.476921495832,5547.616306101205,1781.1771782568576,1628.4727725874066,3958.587572389615,2031.177148444602,3555.5838195295055,-1825.7465042680276,-2222.1699654617087,2219.8328943777765,0,N,N,70
6288.848421333153,6667.540743163296,-5417.332907053012,-6192.529056634355,-8217.050201079543,-4387.889074454316,-9615.14173362759,5814.809459576175,1685.1918060252624,1747.6585011433692,4148.1293896755205,1878.243680487095,3695.7101694687076,-1623.3420421298001,-2355.9213827578246,2501.586717480488,1,N,N,70
6529.172385401915,6806.095013842713,-6399.76287616467,-6566.910261348151,-9028.57573534699,-4695.086865107362,-10122.893049818764,5899.066901504528,1913.6583309050543,1918.2375388697374,4331.843308614539,2202.6209773991714,4464.931051778906,-2087.7226065082464,-2084.850626900046,2185.965898606074,2,N,N,70
6442.592096359924,6840.679059557226,-5705.404645234822,-6240.326752894564,-8509.489807190392,-4433.201466573831,-10363.362688094356,6221.2086789644445,1573.8280924276937,1623.7675561579726,4428.597879353156,1821.8447707031876,3226.766883993554,-1167.7134329890443,-2642.817021727252,2764.0748090710968,3,N,N,70
5979.132902076324,5771.427584629458,-8748.951499150993,-6070.936046653058,-9551.523515956944,-3405.519687141378,-10743.5750730871,7309.60010673154,3073.8309277473345,2268.5089130606625,4776.603504551347,1975.2605380194875,6333.644363109385,-2591.6223759919126,-3331.868124662209,-549.4769839480429,0,N,N,71
6151.338550501755,5942.499512516957,-9369.090494340835,-6107.690770650084,-10036.693814080687,-3439.5104064814836,-10874.403591655977,7472.295218721669,3004.2016397227703,2496.3391480680916,5180.6568661495085,1777.1813797413597,6757.975328872931,-2669.557457380272,-2883.7410402826154,-598.5874821142163,1,N,N,71
6015.1019192150925,5899.068145145593,-8687.655039782121,-5934.338313559609,-9705.461279150757,-3352.3682154957096,-10812.773631539723,6970.699632749415,3003.5823579017438,2152.502887460333,5005.294331069693,1752.485631844576,6022.92116393214,-2288.3682121178917,-2595.1845946685285,-641.8311133524854,2,N,N,71
5994.093466726962,5849.4938610042145,-9094.964629961632,-5819.485643046745,-9858.008681164873,-3332.2281376993847,-10607.69841973772,6993.228232889704,2811.069794506514,2352.0394261075317,5071.189351371072,1676.2531381475299,6302.235675117454,-2395.5352430314733,-2373.5888930399683,-504.2122599396352,3,N,N,71
6477.2878739539565,6966.897106743598,-5876.561073527468,-5987.833499632858,-9320.526298803894,-3496.2005323751628,-12141.701874604085,5437.4264214485365,3083.940052033979,1331.530516971505,4971.568295829493,1259.6341649545095,4444.194040333253,148.80453602642137,-971.2507930530516,-806.3256567835085,0,N,N,72
6517.076609726931,6834.937876208034,-6032.188109807991,-6506.406309854922,-9302.820972145468,-3655.9076054377024,-12414.968551294203,6189.880025259002,3619.4924332861897,1431.0772482933712,4852.0506612564905,1746.7872696559282,4675.883759380874,-177.67979508164987,-2769.5358867122663,-963.275420099518,1,N,N,72
6721.431556656924,6979.1486723441385,-8309.163406013387,-6121.757118167088,-10812.465307926142,-3560.510293725971,-13689.73516480542,6646.227140724899,2915.4641190848856,1875.5733980524797,5373.727052805062,1340.6791715304391,5603.439613313089,317.24477277804044,-2279.996424433121,-638.1795559798592,2,N,N,72
6701.696343713529,7212.533905142247,-5990.34886534927,-6284.056688614238,-9686.028435728407,-3815.549150883424,-12350.716000705012,5364.457397517526,3043.4434612846044,1611.786145187457,4957.773300100227,1387.9661998581614,5091.629089163894,170.62028862210948,-990.2227996467983,-614.2460911251516,3,N,N,72
6002.0512138815575,6344.582751541384,-7360.701519068753,-5015.608045008851,-9371.803512350969,-3339.1134134093672,-10287.198951848566,4792.001901321827,1720.981935266398,1463.7687356261183,4210.7233454111,1396.894041748945,2758.73148931858,-851.1473822411647,-62.752460421015364,1005.2534322647788,0,N,N,73
6037.701921134142,6280.660415396553,-7629.862980578951,-5221.317064020937,-9364.10504181244,-3469.8440293061703,-10616.14253458436,5421.029735844543,1708.204460959926,1329.3872169750102,4247.84106806346,1531.0567408317393,2702.1550606505343,-1162.6658445147839,-954.1542093856824,1148.510713020984,1,N,N,73
6390.707584911966,6706.287536430233,-8292.99152605107,-5309.126894353054,-10192.706022001408,-3540.399429406514,-11588.543306618742,5561.896706623341,1687.836932347892,1410.32369170637,4701.0048459413665,1387.1761031966514,2997.8887246227146,-860.6992219952996,-440.62395431683933,1111.3234398389948,2,N,N,73
6326.727297789023,6594.365773148012,-8732.492883862056,-5181.353354715367,-10354.951580368881,-3434.0339786239183,-11642.649541637953,5693.0445744390145,1619.886608440574,1568.1395766574967,4747.422142690733,1303.80230765148,3357.824231665413,-761.3359145648627,-578.213548237588,1011.598035100617,3,N,N,73
6383.704767415922,6288.004782249678,-6736.211730364107,-7070.174266843598,-8402.795400168703,-3627.6613819643676,-10099.587838827409,7975.402568534092,4389.2724952452245,1623.2653500213985,4469.748264755334,2317.3052472937816,2458.7402487686213,-2335.7065128333134,-5846.2624718666875,-1101.3381061918592,0,N,N,74
6579.14703753277,6395.412679460304,-7677.078866040933,-7249.838018666979,-9035.617722396566,-3645.080192553726,-10505.816967264653,8357.603927176477,4597.178815385653,1795.1237999205473,4774.696087588188,2322.6594577320393,3068.4461326738724,-2753.5539171318155,-5802.027418348758,-1500.4841739885749,1,N,N,74
6396.11885297709,6267.637929790213,-7103.149981979934,-7033.937023172345,-8634.396001536368,-3619.3243112961945,-10148.968079554688,7920.321961967479,4341.847013263898,1709.1750749034788,4499.467729699573,2367.9562103859494,2685.687459586463,-2412.298615481064,-5575.9995529090775,-1030.7512819927829,2,N,N,74
6698.831554737875,6419.58463136169,-8603.183964020263,-7329.58325239774,-9494.343747564357,-3721.118542889257,-10614.831702847536,8830.024696777591,4502.859501889294,2051.912540777777,5064.353586303123,2348.5766197530606,3140.024616793676,-2832.4489570902256,-5966.138388015215,-1423.682892843091,3,N,N,74
5562.783570947926,5697.486657910485,-8896.068479934054,-4490.804406300391,-10260.789374984859,-2648.4811245338788,-11139.640294840035,4763.928616767799,1943.182666238274,2745.361453224961,4352.585805132616,710.853507956741,9489.810104931728,-616.56594256322,197.61606608466673,-889.596655109067,0,N,N,75
5371.479329351468,5458.550915506499,-9034.646110747484,-4282.843154788824,-10142.871642091104,-2598.5269240261723,-10553.441281473586,4522.759454009591,1669.0016251584725,2981.8829294316392,4100.615565423335,667.9766237424634,9789.210517259522,-616.9288879735705,323.8315131127798,-740.7930076973784,1,N,N,75
5774.459645260147,5849.894055337762,-9308.540478224186,-4837.81065368718,-10639.991677484186,-2876.7516400094783,-11612.379840474037,5194.254419023592,2079.7250776955557,2871.7254573539385,4629.069790865114,894.3543864829593,10009.286895629948,-830.5939913600143,30.290657063762264,-964.5224055457587,2,N,N,75
5427.183559433632,5615.073737062349,-8427.544894491624,-4325.997711657899,-9975.51472097069,-2623.132469563706,-10845.090317656111,4303.07375025887,1785.151060428573,2559.391579936623,4190.645179961737,676.1823780726304,9065.248092667003,-529.0502590876926,727.0311596112452,-732.4971115867608,3,N,N,75
6225.504753982578,6072.783227222592,-8407.530819225785,-6355.603153039298,-9617.595549647209,-3691.9192887204035,-11055.347534612187,7134.339000010992,2873.25595940927,2251.835414331656,3722.7585127082675,2232.4044592929235,6320.058757307981,-2592.077247645531,-4179.5089115361725,419.7021305686549,0,N,N,76
6209.907569559573,6014.282811614499,-8405.837855273434,-6440.983413175142,-9593.656614500305,-3678.07185243768,-10928.187676030857,7076.973989121472,3020.1147576465773,2332.9680490065457,3636.4572528708773,2179.5614319643446,6347.731290639826,-2570.1906156620466,-4224.625780542285,46.31823728302685,1,N,N,76
7358.687948796874,7570.053536286858,-8266.698235455377,-6851.721102903875,-10441.983867592846,-4042.585354506668,-12908.96830966501,8311.85580809946,2453.3283999166874,1952.0522863331048,4698.567726978212,1422.0260943178807,4313.965541467166,-1905.276571707569,-4625.857936298351,1249.4788407866902,2,N,N,76
6586.786474801181,6449.123299638379,-8491.414516413031,-6797.941122276198,-9975.505390089382,-3948.832841947336,-11384.967067366628,7243.69771178095,3148.6273542856484,2252.544530275517,3808.6341902128656,2428.285602517116,6005.530492887582,-2637.2007652479665,-4210.402306055424,402.1268285073628,3,N,N,76
5831.118805000861,5651.175018081208,-8653.702293394716,-5976.609020813645,-9477.445116649224,-3766.483618459106,-10894.859104888488,7087.403248316225,2526.635378278245,2089.736399711179,4836.97454910995,2249.500723915387,7500.492366989177,-3030.238740810661,-2696.6727834650037,215.27805300360257,0,N,N,77
6098.8174192814295,5924.718129941888,-8836.8777529138,-6298.928143490121,-9810.33696605887,-4015.808549404618,-11374.754127436501,7323.979135027276,2579.0672501654008,2054.0774941625787,4992.36371698425,2318.5674815865646,7629.614325616194,-3228.8994610802706,-2687.240695337651,228.96587692602304,1,N,N,77
5799.287816382483,5595.751889717862,-8807.375263283902,-5919.762267470361,-9572.971857228882,-3601.9059609197443,-11193.431130602059,7214.870178528714,2658.6397572673864,2138.3278507927494,4863.225326263302,2152.584245443981,7935.551212023005,-2904.6036853421056,-2877.2738590209196,-105.38771117756369,2,N,N,77
5978.8145921901405,5771.118163879229,-9339.290614871277,-5982.4046851566845,-9977.032284547338,-3644.1588514670625,-11621.020764092324,7582.016130453998,2592.559126352259,2237.9204327770135,5156.494110866268,2054.3332131527113,8229.031537754394,-2977.9501400136646,-2949.2293592005904,-73.36875448161085,3,N,N,77
5794.194858203542,5865.111640607237,-9034.195841025316,-4990.077953274086,-10339.194305195608,-3247.287386780353,-9766.429012609738,4340.122156489342,1779.529454821509,3169.8882941861357,3719.4448208141534,1035.388144038092,8389.29949202514,-1116.0247414380885,194.33060271007804,-316.46522338362,0,N,N,78
5204.048329218794,5403.714676316454,-6924.178086899058,-4562.0777308181205,-8774.615089136883,-2927.162715579247,-9588.02604998015,3817.2516410743106,1824.8009813791687,1796.3399612114092,3358.1972444285007,1063.1394238265932,5890.894973798401,-836.8459327644172,100.44318108884669,-246.2011209665994,1,N,N,78
5445.327222946107,5532.768204253555,-8225.4873264716,-4735.117040345791,-9581.998722438586,-3129.2813993721447,-9223.775385999013,4040.322814570225,1615.3639539027397,2834.39248041586,3409.607342454116,1029.1187218034872,7789.721745663409,-1119.7514470024316,114.23532936892589,-92.93092138560453,2,N,N,78
5471.428633613178,5546.298523423559,-8365.663486851367,-4750.342246728434,-9649.449043369872,-3137.4429638053934,-9173.561658977767,4106.746056142009,1615.426478220515,2952.1864079756106,3372.7351185625157,1065.6871868380188,7954.903404238822,-1203.269060900276,-64.85636249122854,-9.707234100377223,3,N,N,78
6129.693478241257,6058.523591783433,-6958.860209621073,-6628.489829507585,-8744.516533243306,-3537.7417400362297,-10430.479469987053,6894.78853852775,3966.5201388007267,1720.2204846650022,4149.133136176826,2114.551706527661,2894.1151825918255,-1079.8264261556953,-4701.418891753603,-1244.1307430472461,0,N,N,79
6186.034328095789,6064.830862659365,-8301.581745187825,-6329.038753896482,-9457.959247391185,-3344.5184928311965,-10905.466756386026,7478.218940958076,3677.0815784124106,2048.335661752795,4746.966523287527,1919.38143700923,3817.9848795806,-1346.051992163729,-4524.420723035414,-1053.6378449694037,1,N,N,79
6277.070955544353,6329.339738526005,-7121.240555047448,-6466.771264327219,-9170.502421357525,-3509.9005022545675,-11551.863798101902,7011.55451038513,3742.8679470516827,1311.6482244275992,4900.506976882761,1947.8099102773474,2699.395823733375,-777.9977457164837,-3781.0689217058616,-927.2473726322326,2,N,N,79
6420.947024099426,6381.00556154393,-8460.459436030904,-6393.037534537044,-9910.165988804683,-3456.671000868222,-11608.376700091127,7468.4427547273135,3544.6946493959085,1974.6412148253892,5150.664119819177,1848.2004228262267,4297.798340498135,-1354.8778856769768,-3717.233978050253,-844.9364395340227,3,N,N,79
6057.437134077537,6176.437044276074,-8809.73038994163,-5430.326075836241,-10005.29608238616,-3625.2261429248383,-9536.923598089907,5348.719280528647,2171.8869740019827,2536.932153840166,4447.919144148856,1803.8142165137256,4529.0755461227445,-1203.1029661757698,-926.4738896535675,505.25955364440466,0,N,N,80
6125.237139834684,6256.4152116144105,-9060.661944267484,-5364.529453618236,-10125.267391675412,-3688.7331152156758,-9520.0854676802,5460.7094208714025,1866.7027201615647,2556.750913855513,4490.007961024741,1743.506665436232,4442.208068982407,-1454.1720302073606,-809.844076105296,913.4872400124606,1,N,N,80
6263.065320552266,6488.942494030528,-8801.904131276275,-5402.584091723116,-10253.134203587955,-3763.243569984561,-9629.464404310149,4992.989669436855,1869.7643042880575,2465.486939265013,4316.642906228668,1747.7586318112744,4259.925816568274,-1316.1144228552018,-245.35847667822597,989.6674721068127,2,N,N,80
6121.417421200479,6272.918861169485,-9012.419994719992,-5307.904334193507,-10208.776709945898,-3519.7916866520422,-9732.48614241857,5213.801408774849,2130.969719333845,2487.6302009171477,4247.743233636001,1804.9285790587244,4686.427331296626,-1317.7295978564189,-878.4028702770337,648.248116775437,3,N,N,80
5574.242726850543,5828.370589995513,-5615.420941886008,-5451.694352249475,-8486.3981222239,-3356.715689540972,-10350.29985536039,3986.4945652281244,2543.577767048562,1525.4948914704505,3145.4066301168687,1426.417963150948,6648.728038158255,-1317.7083857703528,-651.1116377545343,-644.0536844415188,0,N,N,81
5464.425816117135,5714.731594998234,-5814.542597988421,-5213.538495895032,-8502.986963157817,-3312.0710000995414,-10249.37656792499,3882.7014700308587,2073.2204707717997,1502.1970164713337,3127.464462936927,994.8419004582263,6115.563424876068,-897.6364535821946,-383.4561978618205,-578.7614124120926,1,N,N,81
5466.335675434238,5722.564288643214,-5441.1896778842965,-5362.38106622645,-8316.041769787227,-3307.489121033771,-10210.36347527729,3911.2387343514297,2482.513854355868,1477.6956828831856,3194.0822821026895,1336.2038253434373,6614.467662866159,-1314.8156840029658,-496.6383873738585,-683.7425570181879,2,N,N,81
5511.217369386152,5779.093254343902,-5609.664079903897,-5340.198349821658,-8521.216450441327,-3317.312927725616,-10459.750912716107,3855.504392634111,2396.9543438277774,1575.111323242226,3168.770082196853,1252.766018333462,6971.29251393361,-1087.7572384643354,-406.34329987325435,-696.9685707270922,3,N,N,81
5461.242717255297,5400.534964102757,-7887.430632609154,-5229.51638825884,-8708.535169982384,-3104.010477234218,-9154.692883397805,5772.124811334165,2569.7151132192766,1828.3262359841729,3943.569986229766,1884.2925855083097,4807.599562570951,-2514.7851941793106,-2044.3081500726832,-102.97586030184121,0,N,N,82
5672.28217179515,5573.7615464390565,-8786.614743980583,-5314.113474576283,-9374.440652168074,-3136.6552612806204,-9365.840611195405,5999.945499272943,2619.6839287092453,2261.5435918492763,4260.957495639242,1872.1321380489874,5209.886088026733,-2256.2051355915655,-1925.0853494736832,-228.359121881358,1,N,N,82
5362.884962424506,5271.53407572164,-8489.554232660961,-4912.632590200735,-8867.770930687084,-2981.643719712217,-8832.703612269986,5792.926358462405,2206.2502792909263,2052.2412347680547,4051.48300311558,1756.6906647856758,4554.961508971414,-2273.9112762964096,-1800.6427352548676,243.41418790221695,2,N,N,82
5543.684977776898,5428.945838941733,-8676.393597954693,-5182.573102191875,-9119.615361810474,-3084.905551885814,-8984.480568159901,6032.438680329924,2409.655048545241,2270.892181746467,4246.277806532579,1700.557865278437,5209.678636095821,-2578.324279002385,-1844.074743756631,-192.05724480359737,3,N,N,82
5657.321607144512,5368.242484751796,-7925.865441051147,-6226.61266363017,-8563.587142763081,-3319.8035915384944,-10024.047658924424,7838.212166566084,3536.8233673680306,1868.5833136182446,4691.289259823838,1980.0530401884191,5390.447389997344,-3092.9086831277377,-4764.261591629472,-1207.6510386670159,0,N,N,83
5631.538506363625,5328.54676545347,-7897.380998010575,-6197.793621520794,-8451.02968906072,-3215.1390595186626,-9942.885069178563,7928.5440547153175,3658.589688803886,1753.555421899779,4660.991276229048,2004.146184145007,5188.215898647982,-3293.5818480797916,-4933.363996232133,-1289.3357037225624,1,N,N,83
5471.746943499362,5219.980493840115,-7464.162178532698,-6014.978663674765,-8222.569562323964,-3192.6056894782773,-9796.92314029096,7480.15090264853,3447.1760770216433,1693.359264508646,4515.791925288183,1877.7980283402264,5208.150076438608,-2988.6565204548847,-4498.822991379929,-1237.8463525042876,2,N,N,83
5557.690612768985,5291.215447846016,-7736.935558751841,-6083.387145816007,-8420.78447545123,-3237.8891139902234,-9919.343733744756,7631.65007277814,3448.780671663191,1769.856185422701,4650.602821627965,1847.8202659164433,5279.942449007823,-2989.865091366082,-4506.831733008261,-1286.9662570876947,3,N,N,83
6259.563911804244,6298.161706345363,-7915.665430966446,-6231.519160809639,-9526.322096274058,-3609.3455369952335,-10690.268876072283,6786.3061969685,3256.688183111871,1877.025649649996,5137.45615836837,1818.4235690752757,4380.029930593664,-1923.2532329015996,-2431.148057380268,-849.4527352214822,0,N,N,84
6233.144191250989,6297.3356431953,-8055.758853832629,-6057.358865872902,-9623.851634960754,-3530.0011548308457,-10466.085512039132,6521.0159490884125,3072.9115020799254,1993.7153644707153,5145.734185345579,1551.622411420798,4329.898263758224,-1774.5952322088685,-1882.7884745499668,-938.5457002996759,1,N,N,84
6009.054031377601,5985.8175303228345,-7949.320172732832,-6007.441766618954,-9203.789945497709,-3360.5150514993948,-9968.51243574001,6773.853795153325,3325.5634243935074,2011.8487014135412,5070.8282522387835,1670.8996145196468,4040.5804679767243,-1857.3293257814012,-2628.8224867763906,-1202.2123363918997,2,N,N,84
6232.189261592438,6337.751920565035,-7375.212475445555,-6218.002730928315,-9425.886684444771,-3658.3754022562384,-10980.13825620789,6293.780269747999,3102.6819436945757,1745.4468378785696,4672.792249790794,1663.82857641115,4423.852118880154,-1361.8710551360748,-2445.8842673446984,-743.0803390753133,3,N,N,84
6078.127276679484,6419.719633053845,-7561.695820427668,-5105.661021459281,-9926.326240794544,-3201.311892716208,-11716.529120723466,4707.161830843403,2049.426955253223,1543.2185589591963,4127.446678652526,1173.4002522374808,6469.173852041225,-1437.5774170511934,263.3647958535085,33.743219447016614,0,N,N,85
5489.572297125655,5779.041493958761,-6788.15722247874,-4749.507797510235,-9028.432734857992,-3276.197515364044,-10599.773321430666,4079.388430345347,1326.6100747992273,1652.0147519986294,3714.161651079634,844.7095327541899,7315.121239344583,-1480.5837041013153,927.1095932564067,153.22832899659178,1,N,N,85
6270.386447934493,6573.349157804608,-8081.868885195538,-5297.6398242584755,-10249.355870807094,-3324.0902670233795,-12161.106368121391,5256.48147698054,2166.0179849361098,1450.673253445251,4456.758546772958,1454.659688971066,6328.605213298913,-1846.3736242055538,-27.69493134856125,226.02691382549628,2,N,N,85
6069.214599866337,6380.914814522617,-7872.4827575989775,-5075.0044334718405,-10007.867391505377,-3303.4391527409766,-11546.694130093849,4817.526805902366,1800.6115756334286,1577.0889464991367,4260.134561393811,1144.4739764960068,6095.85206539837,-1538.2594719936926,402.28953692653,236.73023255004185,3,N,N,85
6828.383678414678,6781.7413070320645,-6208.152709977191,-7749.019796309964,-8516.625808967465,-3507.5370685607245,-10826.63511200338,8548.704752798294,5617.200552187794,1424.541041558794,4906.819199138704,2233.5250809606255,1370.4790456582016,-1552.789758670368,-6755.198599923427,-2357.468666761064,0,N,N,86
7129.18652085836,7123.643240625239,-6158.456378734464,-8128.162201944146,-8770.861145181856,-3801.616559714162,-11036.423670928787,8569.514491704529,5787.741353438825,1381.660788229948,5138.9087260972665,2327.192463188975,1427.5771723502498,-1723.5273944263868,-6458.9847160393665,-2473.6211129947264,1,N,N,86
7173.7499049240905,7061.601621332713,-6717.512287669349,-8249.1843167833,-8958.754737659572,-3753.0722600191198,-11093.866255422394,9083.758861555347,5955.66532821576,1566.6254406965486,5202.942619916648,2355.878105539806,1124.5310854874347,-1761.2710716002362,-7242.156543763141,-2665.242684117708,2,N,N,86
6653.313241013593,6587.677724958695,-6330.545085478025,-7532.40060856459,-8373.435780775282,-3542.986747154966,-10203.677911113282,8366.577406140821,5245.874070365063,1444.2868812553904,5090.247328294015,2090.7665036047993,1146.8318404780696,-1749.7423881405573,-6074.244663762634,-2249.194772928485,3,N,N,86
6098.499109395246,6303.288771054915,-7513.767496619225,-5771.184130867911,-10083.214845125556,-3721.331165945479,-12436.74973968347,5250.856029342507,2163.220817060603,1896.2278473003057,4371.781593716076,1281.3104727863379,6937.805368591743,-82.1960894498794,-1085.115218436231,12.395092040139037,0,N,N,87
6217.865316714167,6466.053086323202,-7897.950866622287,-5683.079217304215,-10343.019373264435,-3786.8434818400133,-12681.88915780524,5563.125976430254,1834.17431911505,1904.46871858549,4893.084290848584,1083.366618686797,6749.296456137861,-74.36747740452776,-736.795390512806,298.6095270313634,1,N,N,87
5652.228648965572,5874.117598021209,-6677.467137020743,-5384.0097584118,-9210.604323671876,-3520.3655061941026,-11763.380718447528,4914.755233942632,1924.4214039392225,1482.2997109995113,4156.133761233008,1099.926928973084,5787.981854363934,157.31607723095235,-1020.9211875914573,40.9983161567267,2,N,N,87
6276.4343357719845,6583.967749100839,-7473.510024552835,-5786.921342034818,-10299.050637575525,-3905.8279478730483,-13032.749051317298,5357.4966690195515,1799.9549737717061,1707.3240945153425,4808.488441456586,1040.6005425707779,6621.542876534103,247.83590572892442,-650.9338596293599,372.9726993782495,3,N,N,87
6748.169587096363,6428.5922822951625,-8734.665798974522,-7554.237311359227,-9327.823357978632,-4120.626099806134,-10571.497073073142,9462.447519497435,4217.4745685148955,1612.434924299884,5242.229953581149,2616.9547116713234,3176.860423898866,-4293.37292645628,-6243.5799971500655,-813.6396389349437,0,N,N,88
6542.859710507818,6196.395245565353,-8903.420711180914,-7273.693613878232,-9247.01152690322,-4080.399804390044,-9936.461627235598,9110.717684298379,3828.173857449162,1884.7537335184952,5158.756703533112,2438.421090511499,3480.181427843065,-4188.650309326828,-5646.114771948406,-699.8533614168058,1,N,N,88
6920.375235521793,6641.492519953705,-8713.610499870616,-7722.402731313767,-9487.96195379247,-4331.9811358466,-10478.166599859498,9312.771819941794,4180.828974590694,1720.7961865045452,5329.62480048977,2658.164746998075,3232.1247487076107,-4354.516153527276,-5843.034884979261,-720.4018999636311,2,N,N,88
6963.665380042789,6712.696483302883,-8811.341436826027,-7675.676347324966,-9712.938474295957,-4283.075452379164,-10857.12713344906,9218.92968572593,4139.2830127890775,1743.308815642684,5426.69136698983,2487.797512788733,3421.4318265245965,-3995.051438824774,-5583.600293977646,-855.7076235546926,3,N,N,88
6190.8089763885455,5786.485398047008,-8820.74902794413,-6956.138864986603,-9202.739127966397,-3579.79105505064,-10930.137488464163,9167.434753490095,4210.763884652723,1866.393214746675,5186.544357221361,2589.856914133513,4822.887965140159,-3375.206249764634,-6201.185593585744,-1145.989458160547,0,N,N,89
6195.265314795118,5830.305305993321,-8855.38638626598,-6851.781632803954,-9288.84042075221,-3583.4301467370174,-10999.634192819367,9014.558120641315,4055.875334907223,1841.8775699955934,5248.7517766528445,2505.5785624777945,4667.003266754259,-3171.9721252977206,-5893.294741448969,-1062.2670241644153,1,N,N,89
6178.7132007135615,5796.52479012884,-8773.681373025805,-6898.813031145093,-9181.973563047814,-3563.8138936556306,-10924.957664519976,9122.176930148667,4162.627101024839,1810.4311008187644,5269.814775802413,2539.8745280957182,4657.6219247025665,-3342.3331617885888,-6042.796728959193,-1143.1896614511236,2,N,N,89
6019.876567507849,5657.593832196417,-8517.868870420069,-6721.576818061296,-8968.555683898827,-3534.82462011269,-10499.342727551422,8728.693392912042,3990.923033701881,1875.6521351121894,5140.565881816994,2516.7030725187187,4655.966792779793,-3164.4919536970556,-5649.916255130447,-1021.9702638114181,3,N,N,89
6171.07376344515,6057.7909070094465,-9491.1291720876,-5793.690136206997,-9849.76894855703,-3501.054224694448,-9051.880306585903,6683.171865986995,2630.1071375640076,2282.6494445461008,5234.4315698629325,1549.5497822391333,3774.2745650629013,-2875.516320569131,-1268.774675736354,-633.5791840593309,0,N,N,90
6252.2427844220165,6119.074132579513,-9962.991467404125,-5737.537381387747,-10173.449535661412,-3470.452453506088,-8911.240112463653,6520.683920365802,2500.4084325571675,2562.7223674812963,5106.626791068205,1421.7651463613724,4120.694003798085,-2799.4246737272974,-1039.3967844388303,-568.7397974613461,1,N,N,90
6179.986440258296,6035.572259602832,-9696.675689913536,-5801.846591116132,-9930.346775027296,-3431.4959833244434,-9032.135422091676,6792.599654927433,2717.0791744024295,2355.9371595098214,5248.783830768624,1466.4977078945453,3766.0944338638305,-2861.4819472028275,-1418.792040031895,-861.6046701213726,2,N,N,90
6291.07659053644,6196.600133982932,-9814.017180167002,-5776.829972507295,-10237.074629049164,-3481.9921459517855,-9477.543392091462,6607.054284018565,2566.931655057242,2440.2787209979224,5131.288688798929,1491.4013209508823,4379.178662583874,-2665.2266842537106,-1225.664620812832,-532.5961359813982,3,N,N,90
6183.806158892502,6157.381734545112,-9415.519335799885,-5768.595804285075,-10963.57470376384,-3485.4034000150264,-13080.60908789358,6429.781632355968,2526.05291177393,2639.957084390797,5172.584439249564,1590.9638274034094,11128.381167516736,-1817.3533525715652,-1142.997379598572,-629.8952587312921,0,N,N,91
6211.499118990491,6306.968665251072,-8842.892851458493,-5717.678706872942,-10935.649313974649,-3491.916292111684,-13628.752245682965,5966.729057211582,2475.2179493666436,2277.7432945811634,5065.831381369397,1423.4376288706258,10387.85689889391,-977.3048684167926,-823.2974132924265,-657.8368006439246,1,N,N,91
6190.490666502361,6231.799729569075,-9147.054841649264,-5698.1281110488535,-10975.372131355185,-3441.753827947735,-13579.180710785658,6240.4475427503485,2491.433073215374,2378.769992574061,5122.610163742129,1492.9641977482322,10749.122444786408,-1266.0483934987246,-1074.7909876714295,-611.2496913982761,2,N,N,91
6221.685035348373,6285.164800474259,-8871.05518279425,-5840.984200404496,-10865.82800139944,-3672.4133162838516,-13208.476064310964,6003.899317824173,2434.801333106546,2442.35043391146,4991.755691421104,1660.9546538335103,10532.63028465753,-1379.4802516803245,-885.269185125103,-401.40938595182786,3,N,N,91
5636.949774428749,5653.632995663559,-8143.455941664247,-5226.607159115426,-9497.616373837924,-3037.092929786182,-10305.849404393299,5471.435566927441,2523.8741419149333,2491.1302944139397,4267.621797446901,1311.6564757242943,6827.414250262107,-1071.6713033896945,-1391.3787388648343,-746.1821095582823,0,N,N,92
5557.690612768985,5714.12234812548,-7077.409675993168,-5089.162606922769,-9098.394960650925,-2920.104742392727,-11046.684402064742,5017.126099490465,2507.2374486041244,1677.7073731855876,3917.0504381578307,1282.734245353065,6211.557525431192,-921.0842523134073,-1195.1939978530704,-487.7754018899475,1,N,N,92
5567.558219240683,5644.940209714594,-7540.16079280423,-5185.814532003218,-9230.210528107258,-3036.359564324837,-10642.97617117764,5208.745543156327,2539.497568196371,2041.0494069442423,3952.4870967236316,1520.9847510700286,6579.340298796793,-1150.4044104310854,-1453.5561260717363,-422.27586735917276,2,N,N,92
5690.107525421442,5803.080393953233,-7576.680242282409,-5254.809710244169,-9412.459526062084,-3131.5347055708985,-10907.730168296976,5205.837855372403,2443.304822459207,2051.763374921988,4117.155526485752,1412.5378273396575,6638.293711924712,-1026.2231967817977,-1150.7722713329317,-370.5709708269049,3,N,N,92
5603.527236379451,6067.746497153787,-6382.083601847812,-4598.080151033793,-9077.56024594231,-3056.3920758510594,-10718.761504480872,3780.001324806779,1545.8871431021466,1439.3695738587635,3930.7935579560617,653.1246313678594,4926.947658993156,190.43365568916917,775.775517531403,64.05436443766843,0,N,N,93
5627.082167957052,6063.122109517824,-6727.15032374493,-4581.361456449045,-9276.650637272762,-3031.872388151334,-10938.28319263125,3937.393890585222,1522.4232428723358,1515.2537910014585,3995.8101182518776,621.2862390725542,5034.961988079921,322.1298437820067,640.6336595248279,24.379947840065967,1,N,N,93
5611.80329342023,6009.297324872481,-7343.369545269115,-4413.890615013433,-9436.782548182251,-2929.8177311131226,-10279.406841058559,4038.675108193809,1427.4407734200634,1867.4485416422376,4342.664564838922,453.2525849012277,5009.084616848627,99.55690111481007,1208.3118364936142,-178.1991442629955,2,N,N,93
5757.90753117859,6160.392345221905,-7817.8158682438525,-4441.537699300315,-9923.803921955583,-2975.0491705223285,-10858.693843326273,4082.350396445909,1347.3464054502278,2022.607448552192,4326.539227504459,458.4451991926397,5661.410765067486,282.1577633469774,1160.0732165044121,-63.285164301379005,3,N,N,93
5007.014509671028,5031.450781107006,-8353.427689027,-4120.963979334508,-9289.7391340481,-2477.365938553304,-9630.235888378096,4253.41898590585,1632.1453087909638,2658.005742895903,3639.666210698832,720.1779052178003,9190.112819390792,-1255.2358389065062,361.59717490244407,-645.2438910694126,0,N,N,94
5258.797629642406,5412.8620074893915,-8136.992757226517,-4176.030496712275,-9529.385233966843,-2520.1232294465776,-10634.644423863425,4254.34526263544,1604.4981613581706,2187.6996741572702,3737.435765923826,636.7998036972277,8594.587767807745,-1028.5342250578753,566.7623364576872,-490.3289087194975,1,N,N,94
4943.034222548085,5032.715320772979,-7822.934079586691,-4028.0680794380896,-9023.170524588395,-2421.0918232520835,-9844.32872510187,4071.3388925410236,1579.7521043457443,2281.167048285702,3486.404120357572,670.7493748907357,8467.419404809056,-1032.7329389631125,362.2328986921912,-541.7967198685352,2,N,N,94
5025.794792955871,5058.64224231032,-8491.731968171,-4061.3057379666902,-9406.046562707968,-2482.81087537216,-9715.593251078744,4189.703056491006,1501.1858948531878,2718.73034609195,3591.602756168345,681.6564245731055,9536.489108423986,-1270.7256176560247,505.57843744792575,-536.2190796934226,3,N,N,94
6398.66533206656,6457.874763621374,-7459.460077073777,-6615.500360724788,-9135.91362267227,-3756.832208973031,-9663.756974248388,7101.540678310068,3577.493320414745,1696.2577095034635,5658.955079771303,1311.6193823852714,1478.4393116688304,-1763.6339657804087,-2374.8191785306794,-1816.5773037044682,0,N,N,95
6246.831516356892,6406.83016667955,-6869.2591559034345,-6326.1923123773195,-8874.726887794168,-3689.815544999213,-9440.831155520493,6344.618409875388,3306.2471046300293,1594.4272359516465,5357.795075849733,1222.3634571462278,1637.931728549645,-1489.0282651064176,-1532.2362792640085,-1565.1031608125793,1,N,N,95
6210.862499218124,6312.423058196748,-6868.955715442885,-6436.407657801913,-8798.62956888188,-3662.9468518966332,-9579.560083543078,6624.078460451271,3539.870124256971,1609.5737765309668,5270.090046799003,1477.1433869475175,1865.9308464034582,-1554.8848364696382,-2286.768112756826,-1548.728658682302,2,N,N,95
6345.507581073867,6466.591953843791,-6808.848059499018,-6609.614463736659,-8836.785632283618,-3705.2370075078143,-9405.01024142371,6660.807667793398,3733.987876798233,1672.0392987444418,5340.106480229292,1304.213537573929,1726.127339967557,-1685.661929408003,-2277.199625942636,-1980.1999696539867,3,N,N,95
5979.451211962508,6150.977478295576,-6218.271368574634,-6029.384078127584,-8769.743871098564,-3351.5503530080628,-11584.801098633574,6156.253224970727,3287.3446831096667,1219.082097184952,4425.0964816088,1745.7309751151392,5811.945919146074,-1805.1112217752936,-2671.093996438577,-681.891680740941,0,N,N,96
6021.786426824952,6213.623894810729,-6380.881131561864,-5983.814838124616,-8961.006338842404,-3347.9292881982865,-11856.77455436178,6117.809115454028,3223.780821340855,1185.3244088157187,4518.2281249829475,1706.2210723804258,5762.316108323421,-1590.5542441940636,-2462.9934253401784,-656.5356077617301,1,N,N,96
6011.918820353255,6221.9597674203205,-6077.5835505437935,-6028.33494325303,-8770.921590441872,-3379.9262807072896,-11693.580054799251,6054.656131914638,3256.5823293092335,1139.028850947464,4442.00734316315,1718.271044520242,5700.457019902677,-1687.9434258065523,-2490.9504897322095,-667.1683532556925,2,N,N,96
6053.935725329515,6228.95032527009,-6309.109150527555,-6119.688366085202,-8925.704498347402,-3515.621588779803,-11826.075792360478,6173.707014387717,3140.8528979602142,1228.4139391425206,4502.065265005642,1768.344430037979,6157.802758017671,-1860.4418273402794,-2474.357962379863,-535.8913647311851,3,N,N,96
6173.301932648436,6547.101081664468,-10061.345839265698,-4354.6056465589845,-11901.309140256153,-3009.8801006339713,-11984.178685927965,3349.030093809572,1385.5863643230257,2907.653403601324,3861.209141786056,850.1753630280416,8181.662021922841,1350.8425100893269,1907.4898331266334,-11.051865272232007,0,N,N,97
6072.397698728175,6437.484785972884,-9936.884799550806,-4283.2321040996485,-11724.626687512924,-2988.768920949041,-11692.578075921778,3271.9028131756027,1288.883239552774,2923.59179329296,3815.0532357901666,742.5672257739857,8207.78030878166,1214.1330779129191,2036.9929606176947,-73.94743630495435,1,N,N,97
5903.056839278398,6265.623609074525,-9063.161000197224,-4396.27107678403,-11094.27521407352,-3006.486698517691,-11774.752814498437,3433.5703062778493,1500.7979772394197,2462.708647859613,3771.263540816016,1008.9242302189582,7788.765170580225,917.532771061022,1483.4821271786338,87.11684663824906,2,N,N,97
6025.924455345342,6423.443342666821,-9475.820334187962,-4327.569919023543,-11545.470199663687,-3030.0241256271033,-11965.781442929032,3141.9677537184302,1332.7663686024525,2719.466034922091,3674.959092136356,837.6931457790519,8282.95200015611,1336.4680119513307,1923.5679955742362,17.69377755002708,3,N,N,97
6100.727278598532,6172.651359404184,-9048.561992299012,-5338.6744596088665,-10018.6230214038,-3637.68754239049,-10942.24769277956,6217.984217254211,1658.7579689267004,2005.017884863787,4466.491890270181,2029.0964100057984,4777.0878533646255,-1577.2130738451056,-1946.6366428983906,1869.7676932919815,0,N,N,98
5858.175145326484,6032.845511393934,-8262.102820290484,-5002.1454054087235,-9508.047578244967,-3573.6850451294463,-10409.737486067834,5487.932211969823,1278.6482998048566,1755.7102966195114,4040.827873758198,1899.9077553911566,4274.3547400638045,-1540.473160882018,-1339.2933441844264,2332.713181105694,1,N,N,98
5926.930080742182,6123.412143810851,-8105.719620446354,-5135.934271171194,-9503.295121555228,-3676.1786183092713,-10296.183794811475,5397.716384786877,1371.7170062558005,1846.8111369899848,4033.2963934563313,1881.518043946973,4081.7154626096003,-1293.1887140765941,-1440.7188150265565,2190.0623520422814,2,N,N,98
5977.223042759221,6151.872478951902,-8693.906004908373,-5030.332531163178,-9902.307272721715,-3506.554241135085,-10720.747223976894,5565.897952952012,1461.9101673740454,1897.3870438256793,4266.104964011424,1829.8441381229145,4529.449816418947,-1261.8454951122155,-1223.549277070346,1927.2495141517606,3,N,N,98
6305.082225528526,6625.828565255137,-8045.138878412863,-5532.455354078735,-10450.680412586331,-3455.586866698756,-12672.289201420022,5507.29180601085,2581.0956631564886,1764.2244191012005,5034.095221334284,1639.9218831884418,5359.598027084251,386.918855406586,-809.6598968379556,-183.48742040508654,0,N,N,99
6591.879432980121,6948.705459228149,-8460.822974410721,-5707.983202316795,-10915.074282908114,-3739.4853367702303,-12924.678430442002,5582.400866448315,2379.730203410676,1874.8985914021723,5130.333572469235,1801.8284046412432,5314.338004568379,193.6846311963447,-594.2641595255063,408.2559478033022,1,N,N,99
6478.242803612508,6786.567168506535,-8437.441247297036,-5698.887679981814,-10729.059229735938,-3813.271650546394,-12396.071845422717,5485.160010960914,2283.3187015267663,2009.2494903485003,5041.305524796039,1914.6952789618515,5334.9266970554,108.33037361635157,-523.07191895706,592.6759318886543,2,N,N,99
6553.682246638066,6898.460463600036,-8498.842534463824,-5673.592393798075,-10926.35719515153,-3717.6702602199157,-12763.755182106603,5422.959155338394,2376.278369187456,1958.2559045676387,5073.24484027416,1760.4820042726672,5395.094214805644,302.6673276292118,-399.81435349377574,273.03592507596846,3,N,N,99
6712.837189729962,6554.532437577632,-7188.7610953828225,-7633.967799974267,-8804.728407581186,-3828.9647987105477,-10287.813902379045,8660.216097873526,4951.719511585853,1642.611117788421,5215.049661861519,2210.625665248685,2669.393607527094,-3224.868870203226,-5877.166037754677,-2156.727612561079,0,N,N,100
6550.817457662412,6428.685429442087,-6981.7825140056175,-7391.201794171273,-8605.93601810357,-3801.652785404428,-9837.411761236599,8194.363412296505,4711.837416613277,1646.1189279484847,5064.481262739781,2215.241963914434,2673.6096147047733,-3172.4645637955587,-5305.439045892503,-1902.5297958928722,1,N,N,100
6236.008980226644,6096.721067573209,-6765.595484843929,-7064.167913065338,-8266.709722295602,-3620.428963262051,-9646.536859818414,7955.445884676268,4503.73764532455,1529.925287120305,4791.474712868982,2157.1646740331907,2678.6231380683867,-2997.6828341988,-5357.863372946557,-1816.6205639481018,2,N,N,100
6647.583663062284,6519.307828345234,-7050.4635004851725,-7540.283758377654,-8765.376708257507,-3879.827719472835,-10165.755987030027,8300.06769475159,4806.691505026802,1641.013950262314,5050.528735430065,2284.2589682628145,2807.0953580909254,-3142.5976659009275,-5550.818481319454,-1944.987134559767,3,N,N,100
6909.552699391545,6869.45865443728,-8507.211350905398,-7147.673246365422,-10046.939748443127,-4203.775099281929,-11060.368421548175,7886.590035711007,3683.684169852726,1983.954185976039,5665.463609555925,2483.4086606593105,2724.8171528315816,-1814.0473945165538,-3688.091515737799,-247.9090729489627,0,N,N,101
6922.60340472508,6928.701422591927,-8266.327499989633,-7143.653050022241,-9958.109749137266,-4251.847645733016,-10828.983841773732,7671.423302421555,3637.320869923213,1960.3418365289706,5762.8417012094405,2384.258801209357,2465.2431971557307,-1726.8499423810804,-3271.3069731148316,-274.70178381097486,1,N,N,101
6843.025933179132,6762.935418858511,-8583.453090960878,-7105.252331998671,-9975.918599276974,-4193.315035939821,-10941.609212925687,7911.563726504091,3598.5307336852557,2022.4308386903733,5510.397733501632,2545.6820498639963,2821.8702672350064,-1911.9709353309456,-3872.359204920448,-80.75049558059673,2,N,N,101
6797.825929341034,6845.626703544779,-7929.32172975238,-6970.013830297583,-9765.71723666488,-4231.8994037542125,-10920.950219537659,7363.725312522363,3399.5433938866418,1723.6869555975868,5499.697499465578,2382.7249277000915,2477.3378351402625,-1735.6688347964728,-3068.7506735868155,54.39771329591063,3,N,N,101
5870.270921001468,5830.060434495533,-7237.722193836458,-5965.343172591286,-8957.4175703228,-3082.9851314427083,-11269.684466979512,6630.950752048659,3331.241478550949,1724.078401699878,3913.340666824226,1497.2089886379345,6174.488813029512,-1740.8310098412305,-3968.312301699101,-1001.1382377606714,0,N,N,102
5702.521610982611,5746.211636238254,-6518.0742879996005,-5810.980806483918,-8556.287557755079,-3148.6212892552076,-10889.013036765813,6010.322664189591,3097.321520529301,1479.77111150033,3769.2562306142945,1417.1438799342995,5665.4726821853,-1506.1939029515215,-3289.538327443655,-872.0225938813505,1,N,N,102
5763.637109129898,5789.137731280074,-6676.256913223011,-5860.76872192021,-8643.494255768423,-3185.4910458829045,-10928.323806462817,6161.814488240129,3042.160681861395,1616.4529202996855,3708.705387799958,1455.6947876218128,5922.167013109141,-1601.3727639730337,-3529.786143561665,-692.2425660156745,2,N,N,102
5812.656831602202,5839.8175747440455,-6899.343361441019,-5861.311310180486,-8839.289067591519,-3137.543970749543,-10975.255680208724,6136.542293877598,3165.141924981326,1709.4106781980147,3818.8058021056927,1408.0086740724525,5979.159941451485,-1510.7836074118675,-3405.778070356653,-960.5467002114658,3,N,N,102
6338.18645369164,6278.187523603927,-8243.052527928012,-6366.728150293954,-9259.078995757854,-4003.9742073195384,-9692.604701219898,7165.867241682447,2663.7992233554796,1989.7678720089716,4626.107248462716,2319.240651164568,4152.630682086071,-3428.706901560638,-3011.7555267000084,813.4279446080106,0,N,N,103
6352.510398569911,6267.240866003393,-8689.299422562672,-6302.0078311220905,-9495.782476244254,-3940.1738257542274,-9808.198074098817,7307.96731868081,2675.8849302384465,2041.9683144622911,4862.665499208609,2267.693444348757,3987.8168570029575,-3239.1051046552884,-2923.093474744473,676.6008889847701,1,N,N,103
6545.724499483472,6470.171380030136,-8983.006748505664,-6454.064657744669,-9799.247138604698,-4059.6131132192027,-9961.567225401866,7436.44763222312,2714.544683229378,2146.606378078573,4969.082793435835,2308.7679113700738,4043.8416663682315,-3296.8071897350296,-2947.854585705091,703.0279453473736,2,N,N,103
6463.600548848054,6375.85687404623,-9009.67596608744,-6352.80837044741,-9762.939666063961,-4020.082308634242,-9885.54657123965,7382.24579555625,2570.9795458099384,2237.332652331767,4927.132231029441,2201.567051068302,4323.951700961957,-3267.481704271883,-2905.4332284319967,714.1840259058682,3,N,N,103
7721.242909160211,7360.778092579815,-10923.870652049618,-8309.611048480047,-11715.044842366637,-4683.043223766394,-13305.86562272858,10387.363038214871,4282.4984819523315,2643.4956731837133,6295.304230690689,2988.2301330366445,6461.444142126053,-3739.1308847564005,-6049.98094558329,-424.9470996557198,0,N,N,104
7098.9470816709,6950.739880839143,-8969.139033694528,-7577.448775103736,-10510.28899529776,-4358.7698481533835,-12651.179232692326,8786.296749532461,3861.5748336767365,1873.3883658350987,5542.993913136035,2586.017674859219,5224.1413355278255,-2933.6211365762174,-4955.228677469218,-432.33928064071955,1,N,N,104
6924.194954155999,6686.660913861701,-9446.079990046801,-7371.818332813014,-10434.863270968555,-4328.4830777108655,-12041.941215583704,8985.377315766944,3518.060056009665,2139.8133952603334,5687.382035716256,2579.042893594336,5465.902403328845,-3199.06298012999,-4799.261982770753,-43.541549541903535,2,N,N,104
7150.513283232674,6911.216088011604,-9791.928278819867,-7587.385545576755,-10870.538746325235,-4344.204574082218,-12606.947364627691,9219.008526630822,3832.883734685214,2261.046692505683,5801.93924840233,2623.977861948243,5871.5081966189855,-3137.2227238827004,-5081.884501039314,-424.50751599460347,3,N,N,104
